patent_number,application_number
US9447092,US20150266868A1
US9447087,US20190030031A1
US20130102619,US20130102619A1
US8470843,US20120015970A1
US8470837,US20120202999A1
US8486964,US20110172265A1
US8487093,US20130274475A1
US8497281,US20160272590A1
US8501936,US20100311693A1
US9469597,US20140256729A1
US8501767,US20110312957A1
US8501783,US20130137726A1
US8507676,US20120302570A1
US8507714,US20110166342A1
US8507533,US20160362392A1
US8507510,US20100076000A1
US8507479,
US8524710,US20120115843A1
US8530652,US20120264751A1
US8530504,US20110086882A1
US8530490,US20110082163A1
US8536227,
US8530460,US20130158004A1
US8802712,US20130150359A1
US8815951,US20110245331A1
US8802686,US20110251222A1
US8816088,US20130331364A1
US8815934,US20140329784A1
US8802672,US20110112093A1
US8815926,US20140011798A1
US8815927,US20120263675A1
US8815852,US20100160331A1
US8822534,US20140296240A1
US8822458,US20150166568A1
US8822448,US20130225553A1
US8530648,US20120264748A1
US8536173,US20120165337A1
US8536165,US20110212945A1
US8536193,US20110082135A1
US8829010,US20140080806A1
US8815901,US20130324519A1
US8835444,US20120316185A1
US8835436,US20120115881A1
US8541408,US20140073815A1
US8541427,US20110110957A1
US8846730,US20100063022A1
US8846719,US20130274467A1
US8846929,US20100216726A1
US20240239766,US20240239766A1
US9487512,US20150025054A1
US8846699,US20080318950A1
US8846658,US20150018338A1
US8846656,US20140349995A1
US8846698,US20140364415A1
US8853258,US20120202777A1
US8859586,US20140275158A1
US8853224,US20110130412A1
US8853193,US20110212103A1
US8546389,US20120142686A1
US8546404,US20090118284A1
US8546434,US20140056880A1
US8546380,US20120022249A1
US8552202,US20130150345A1
US8551988,US20190282547A1
US8563594,US20140011771A1
US8551978,US20130331364A1
US11970474,US20240287020A1
US20240335569,US20240335569A1
US8575145,US20140045817A1
US8865706,US20150224110A1
US8865911,US20180221367A1
US8871728,US20120329741A1
US8871738,US20140378493A1
US8575201,US20120295896A1
US8569281,US20120295883A1
US8614220,US20100216808A1
US8614213,US20140088105A1
US8889708,US20140275155A1
US8895245,US20200397812A1
US8895544,US20140024634A1
US8901310,US20140316139A1
US8906933,US20130131093A1
US8895592,US20100216760A1
US8901087,US20130296301A1
US8901295,US20140179687A1
US8575203,US20120094976A1
US8586600,US20140073661A1
US8912213,US20130345252A1
US8912224,US20130065859A1
US8921368,US20140011795A1
US8575197,US20110183939A1
US8586617,US20080119535A1
US8586620,US20140051687A1
US8592454,US20110178060A1
US8921389,US20140088101A1
US8933079,US20130237515A1
US8933224,US20150353579A1
US8933228,US20130156826A1
US8937068,US20070123494A1
US8592431,US20110288087A1
US8940720,US20120041190A1
US8940771,US20090163469A1
US8598357,US20120225868A1
US8969325,US20130172334A1
US8969335,US20140228340A1
US8575157,
US8598155,US20140066622A1
US8952157,US20180251426A1
US8952169,US20130317001A1
US8957073,US20160102075A1
US8957068,US20140235620A1
US8957074,US20150099737A1
US8957103,US20130345281A1
US8957219,US20110251386A1
US8962608,US20140243309A1
US8962641,US20140315882A1
US8962651,US20140275154A1
US8962674,US20100048901A1
US8598206,US20110301196A1
US8598157,US20130023519A1
US8604217,US20120184535A1
US8604206,US20180273474A1
US8975267,US20130296305A1
US8609622,US20130130997A1
US8609681,US20140073662A1
US8980905,US20130123291A1
US8604016,US20130157998A1
US9073917,US20120220621A1
US8993756,US20140349998A1
US9012475,US20150065479A1
US9012651,US20120245124A1
US9018217,US20150190395A1
US9023354,US20140134163A1
US9029559,US20140135328A1
US9029362,US20150307465A1
US9034897,US20140378686A1
US9034899,US20100292242A1
US9034574,US20100093768A1
US9034866,US20150166569A1
US9040534,US20150290190A1
US9040691,US20140256718A1
US9040714,US20130116247A1
US9108983,US20150031673A1
US9108973,US20140343035A1
US9051311,US20150018352A1
US9056836,US20140221419A1
US9056847,US20130143228A1
US20130089624,US20130089624A1
US9062048,US20130310365A1
US8470800,US20100279970A1
US8470816,US20090156572A1
US8470820,US20110183979A1
US8470825,US20130345225A1
US8470835,US20110275655A1
US8470836,US20100274013A1
US8470841,US20110183998A1
US8470888,US20100317732A1
US9067871,US20140031331A1
US9062043,US20110263581A1
US9067922,US20150259327A1
US9067935,US20140088098A1
US8476295,US20110144150A1
US8476284,US20240358707A1
US8476255,US20100222379A1
US8476271,US20200223847A1
US8476267,US20110053929A1
US8481564,US20110195960A1
US8476225,US20110135604A1
US8481536,US20110294796A1
US8481743,US20100234426A1
US8486966,US20140155394A1
US8487096,US20200247811A1
US8481586,US20110263669A1
US8486953,US20120128686A1
US8486989,US20140010784A1
US8487111,US20100261759A1
US8492379,US20110044898A1
US8486940,US20160039795A1
US8481733,US20090286768A1
US8492392,US20120065211A1
US8492564,US20120010219A1
US8492568,US20110098316A1
US8492387,US20110034483A1
US8492408,US20110257230A1
US8492394,US20110098286A1
US8476306,US20110065799A1
US8470847,US20100144757A1
US8497376,US20090105296A1
US8497277,US20240358707A1
US8497385,US20090270492A1
US8497270,US20120172367A1
US8497286,US20130005770A1
US8497288,US20120289549A1
US8497265,US20110306588A1
US8501708,US20110245194A1
US8497368,US20120142681A1
US8497274,US20120214855A1
US8501768,US20120295934A1
US8501961,US20110118330A1
US8501991,US20110021529A1
US8501729,US20130310366A1
US8501750,US20100137281A1
US8501744,US20110077254A1
US8501749,US20120108597A1
US8501981,US20090227625A1
US8501944,US20200239458A1
US9067937,US20150328225A1
US9073833,US20150210636A1
US9073881,US20130079346A1
US9073922,US20140275027A1
US8501732,US20130018043A1
US8507683,US20120309770A1
US8507535,US20120010212A1
US8507477,US20110306604A1
US8524909,US20110190349A1
US8524917,US20080171772A1
US8524722,US20110021493A1
US8524717,US20110263604A1
US8524716,US20100273792A1
US8524699,US20120264704A1
US8530670,US20120237475A1
US8530494,US20110136846A1
US8536198,US20100222366A1
US8536181,US20110110961A1
US8536210,US20110263567A1
US8536192,US20120135978A1
US8536158,US20110142855A1
US8536166,US20100004231A1
US8536175,US20120309741A1
US8536172,US20110034470A1
US8541572,US20120010181A1
US9079834,US20140018325A1
US8541596,US20110262388A1
US8541447,US20120136024A1
US8546435,US20120083494A1
US8546451,US20140171468A1
US8541380,US20120101051A1
US8541363,US20130217617A1
US8541407,US20110245236A1
US8552199,US20120022039A1
US8546392,US20100204234A1
US8552033,US20090215827A1
US8552057,US20120164122A1
US8552037,US20130079374A1
US8551989,US20110207731A1
US8552004,US20160074412A1
US8552023,US20110190329A1
US8552017,US20110046149A1
US8552005,US20100331347A1
US8546370,US20110003798A1
US9079866,US20150259357A1
US8551963,US20120070410A1
US8563553,US20140011825A1
US8563545,US20210369727A1
US8680132,US20140148494A1
US9079929,US20140274960A1
US9085531,US20150274713A1
US9085555,US20120295884A1
US8952177,US20140275029A1
US9090562,US20250170138A1
US9096589,US20120309714A1
US9096594,US20220160702A1
US8563583,US20110319449A1
US8562945,US20160222036A1
US8569511,US20120277229A1
US8569338,US20190359611A1
US8569318,US20110039870A1
US8569521,US20120264736A1
US9102591,US20200054630A1
US9102622,US20090306016A1
US9115082,US20130184322A1
US9115083,US20140179753A1
US9102669,US20140371220A1
US8580815,US20110312959A1
US8575186,US20110112122A1
USRE44599,
US8575114,US20110237527A1
US8569311,US20120295921A1
US8569308,US20110172247A1
US8569299,US20130143859A1
US8569314,US20120004203A1
US8569316,US20120046270A1
US8569313,US20100305090A1
US8575391,US20100197676A1
US8569306,US20110306618A1
US8575375,US20110092473A1
US8569291,US20110224230A1
US8575364,US20110207709A1
US8580778,US20140038938A1
US8580800,US20110118221A1
US8586597,US20210332047A1
US8580788,US20140186951A1
US8580782,US20070281951A1
US8586579,US20110313151A1
US8586580,US20120277424A1
US8586571,US20100292206A1
US8592455,US20120134987A1
US8592468,US20110288130A1
US8592581,US20100093769A1
US8592457,US20110201591A1
US8592579,US20120302747A1
US8592432,US20110135668A1
US8592371,US20160137622A1
US8592425,US20120010209A1
US8592423,US20130150371A1
US8592415,US20110071149A1
US8592426,US20130018055A1
US8598345,US20110172248A1
US8592379,US20110039786A1
US8592410,US20110263583A1
US8598210,US20140057892A1
US8598200,US20140057938A1
US8598217,US20120101064A1
US8604218,US20120046275A1
US8598163,US20120040973A1
US8598184,US20100324074A1
US8598172,US20110053944A1
US8598119,US20110071080A1
US8609892,US20110124648A1
US8609833,US20120264706A1
US8604046,US20120258979A1
US8609688,US20140073635A1
US8609852,US20120289696A1
US8604028,US20130131055A1
US8609710,US20140178349A1
US8609698,US20100093803A1
US8609666,US20110293564A1
US8604061,US20120196903A1
US8609715,US20150313889A1
US8618303,US20120178761A1
US8609708,US20100298345A1
US8618299,US20110003738A1
US8609647,US20240150367A1
US8609678,US20200030325A1
US8618290,US20120264770A1
US8613914,US20130022572A1
US8614215,US20100137308A1
US8614234,US20170066738A1
US8614206,US20130079321A1
US8614253,US20110065162A1
US8618286,US20120122855A1
US8618158,US20180118684A1
US8618147,US20130190369A1
US8618075,US20150210730A1
US8618098,US20120129845A1
US8624022,US20120029188A1
US8623903,US20120142687A1
US8618111,US20120028958A1
US8618114,US20110178078A1
US8623906,US20120034186A1
US8623901,US20110082137A1
US8618107,US20120010191A1
US8623892,US20130184309A1
US8623889,US20140088076A1
US8623885,US20120244110A1
US8623883,US20130274275A1
US8618103,US20110059118A1
US8623865,US20130137689A1
US8623863,US20110207715A1
US8629282,US20130237566A1
US8629158,US20110003737A1
US8629154,US20110059997A1
US8629141,US20120289494A1
US8629135,US20110201598A1
US8628961,US20120016033A1
US8629167,US20130116288A1
US8623860,US20130172316A1
US8633231,US20130123315A1
US8633208,US20110118289A1
US8633206,US20110136765A1
US8633212,US20160272600A1
US8633204,US20120309775A1
US8633196,US20140107129A1
US8633188,US20120016116A1
US8637501,US20110003793A1
US8637507,US20110319403A1
US8633226,US20130023564A1
US9102670,US20170281637A1
US9115140,US20130261106A1
US9120749,US20130217671A1
US9120791,US20150051189A1
US9120808,US20120232047A1
US9120838,US20140066390A1
US9125913,US20140057889A1
US8637500,US20100160280A1
US8633183,US20120028952A1
US8637502,US20120108575A1
US8637508,US20140107118A1
US8637504,US20110190279A1
US8637528,US20160015715A1
US8637526,US20160244456A1
US8637532,US20120046269A1
US8664258,US20190070149A1
US8664236,US20130231519A1
US8664230,US20120238587A1
US8648092,US20140121203A1
US8653087,US20120094975A1
US8637558,US20110269954A1
US8664219,US20110020376A1
US8653091,US20110009432A1
US8653125,US20120004227A1
US8673966,US20130231325A1
US8653092,US20120065183A1
US8653111,US20120121727A1
US8653263,US20240109901A1
US8674113,US20120149676A1
US8674100,US20070249649A1
US8673950,US20120108609A1
US8673938,US20090312372A1
US8673906,US20160272607A1
US8673905,US20120238564A1
US8669380,US20150065513A1
US8669361,US20140128376A1
US8669252,US20130217660A1
US8669266,US20100135999A1
US8685986,US20120190852A1
US8686018,US20130237578A1
US8680120,US20120129890A1
US8680275,US20120202783A1
US8680119,US20200247755A1
US8680116,US20120115885A1
US8686042,US20090124686A1
US8685992,US20120196885A1
US8685958,US20130184250A1
US8691827,US20120136012A1
US8691829,US20120178767A1
US8691832,US20130261140A1
US8691840,US20180325878A1
US8691852,US20120294854A1
US8691856,US20090156655A1
US8691986,US20130338138A1
US8691993,US20130150407A1
US8697911,US20120165322A1
US8697869,US20130065902A1
US8697868,US20090137801A1
US8697716,US20080051402A1
US8697715,US20130252934A1
US8697708,US20140171408A1
US8697696,US20120115868A1
US8691753,US20120309674A1
US8703947,US20110195978A1
US8703811,US20110130381A1
US8703807,US20120238594A1
US8703785,US20110237576A1
US8703770,US20120046289A1
US8703771,US20110319420A1
US8703768,US20110306589A1
US8703767,US20160046586A1
US8703761,US20100022513A1
US8703720,US20140200190A1
US8710076,US20110201632A1
US8710232,US20070129341A1
US8716482,US20120149683A1
US8716478,US20150376210A1
US8716287,US20130065900A1
US8716296,US20100249149A1
US8716285,US20120065204A1
US8722721,US20120238613A1
US8722896,US20120035149A1
US8722895,US20140057892A1
US8722890,US20120309783A1
US8722877,US20160251390A1
US8722718,US20070249685A1
US8722709,US20120289551A1
US8722683,US20130040948A1
US8729273,US20120184582A1
US8722692,US20120184526A1
US8729113,US20110144333A1
US8729078,US20120295885A1
US8729074,US20120071474A1
US8729061,US20130137687A1
US8735593,US20140364450A1
US8735386,US20120238542A1
US8742158,US20130158261A1
US8742138,US20120172399A1
US8742134,US20130157989A1
US8742115,US20150105371A1
US8735395,US20140221654A1
US8742113,US20140018533A1
US8742110,US20130131042A1
US8742106,US20120258973A1
US8741926,US20170226111A1
US8741944,US20130237575A1
US8741923,US20110230518A1
US8748626,US20130224186A1
US8748435,US20120252778A1
US8748624,US20120302610A1
US8748618,US20160096820A1
US8741907,US20110294834A1
US8741915,US20120208817A1
US8748608,US20100267737A1
US8748418,US20120238548A1
US8754113,US20140323722A1
US8754233,US20140350009A1
US8754089,US20120083502A1
US8754106,US20130217725A1
US8754105,US20110237621A1
US8754099,US20120264777A1
US8754075,US20150322054A1
US8754227,US20130005776A1
US8748451,US20130281484A1
US8748458,US20110305729A1
US8759537,US20120214786A1
US8759532,US20130079325A1
US8759366,US20140243290A1
US8765940,US20120094972A1
US8759386,US20130023576A1
US8759365,US20100311750A1
US8759341,US20120035409A1
US8759338,US20110195956A1
US8765750,US20120309760A1
US8765972,US20120245143A1
US8765820,US20130035377A1
US8765747,US20150094315A1
US8772508,US20080292582A1
US8772510,US20130059833A1
US8772511,US20190367504A1
US8765733,US20130079320A1
US8765744,US20120190675A1
US8772495,US20090291981A1
US8772481,US20120108587A1
US8772480,US20130079303A1
US8772316,US20140309253A1
US8772305,US20130023502A1
US8765727,US20100190804A1
US8772478,US20120116072A1
US8772304,US20120277227A1
US8772297,US20130045977A1
US8772288,US20110053936A1
US8772285,US20130079340A1
US8772282,US20140256933A1
US8779142,US20140303162A1
US8778957,US20120010193A1
US8778951,US20130172354A1
US8772283,US20140005185A1
US8778412,US20110111058A1
US8785638,US20140296272A1
US8778970,US20120130077A1
US8785634,US20130023515A1
US8778932,US20120232065A1
US8785499,US20120190708A1
US8785489,US20110275631A1
US8785477,US20130178500A1
US8785467,US20130158056A1
US8785464,US20140038993A1
US8785459,US20130165458A1
US8791272,US20120028938A1
US8791268,US20110184020A1
US8791257,US20130023514A1
US8791131,US20110190326A1
US8791100,US20110190258A1
US8791118,US20120258080A1
US8791123,US20190365763A1
US8791130,US20130158057A1
US8796304,US20140005201A1
US8796310,US20140323440A1
US8796328,US20130345255A1
US8796330,US20140024608A1
US8796457,US20100331359A1
US8796297,US20100331294A1
US8796296,US20130158006A1
US8796295,US20110152299A1
US8796293,US20100022564A1
US8796284,US20130053308A1
US8796280,US20090054447A1
US8802864,US20140100213A1
US8802861,US20090029998A1
US8802721,US20060199845A1
US8802695,US20140329850A1
US8802724,US20130338380A1
US8796244,US20120208791A1
US8802711,US20120245163A1
US8802679,US20120184520A1
US8802674,US20130096102A1
US8802673,US20120245172A1
US8802663,US20120071460A1
US8802665,US20130217665A1
US8815918,US20120094996A1
US8815891,US20110218193A1
US8815881,US20120035195A1
US8815854,US20120329793A1
US8815840,US20120058988A1
US8815845,US20120270862A1
US8822510,US20130158001A1
US8822505,US20130210799A1
US8822494,US20150344474A1
US8822479,US20110065730A1
US8822460,US20140018356A1
US8822447,US20110263559A1
US8829200,US20120277226A1
US8829199,US20120208811A1
US8822500,US20120065233A1
US8829190,US20100113442A1
US8829009,US20130079350A1
US8829000,US20140336197A1
US8828983,US20120309960A1
US8835659,US20130217730A1
US8835472,US20120214785A1
US8835470,US20130045964A1
US8835465,US20130090358A1
US8829193,US20120202851A1
US8841450,US20130115313A1
US8835464,US20150266858A1
US8835445,US20120136014A1
US8841455,US20120258952A1
US8841453,US20140080860A1
US8841288,US20130245005A1
USRE45173,
US8841312,US20140350244A1
US8846917,US20130115311A1
US8846746,US20230348438A1
US8846741,US20130131132A1
US8846711,US20120277207A1
US8846689,US20140371205A1
US9126931,US20120083488A1
US8846673,US20120129852A1
US8846660,US20120259111A1
US8846696,US20090325983A1
US8853228,US20120196859A1
US8846657,US20140179680A1
US8846654,US20120184522A1
US8846000,US20120064005A1
US8846601,US20120178701A1
US8853242,US20120142727A1
US8853207,US20130274255A1
US8853227,US20150072945A1
US8853226,US20120172381A1
US8853215,US20120071489A1
US8853206,US20120208805A1
US8859596,US20100069348A1
US8853203,US20170305903A1
US8853212,US20120277240A1
US8859534,US20130296296A1
US8865750,US20120277273A1
US8865726,US20120178715A1
US8865714,US20110319413A1
US8865701,US20110306595A1
US8865698,US20150133429A1
US8865686,US20090176747A1
US8865662,US20140142100A1
US8865655,US20100056435A1
US8871790,US20140322355A1
US8871934,US20200308109A1
US8871783,US20140275114A1
US8877967,US20160368869A1
US8877798,US20210023049A1
US8871778,US20130274242A1
US8877944,US20120245142A1
US8877795,US20230105307A1
US8877791,US20100099726A1
US8877786,US20140088165A1
US8877778,US20120157449A1
US8877775,US20140275159A1
US8877757,US20110312960A1
US8877741,US20140213568A1
US8884017,US20120202842A1
US8883784,US20140073640A1
US8883771,US20140057924A1
US8883759,US20120225838A1
US8889668,US20130109676A1
US8877733,US20120263678A1
US8883846,US20130210904A1
US8883797,US20120329802A1
US9133148,US20230312499A1
US9133157,US20140303171A1
US9133168,US20130274253A1
US8865745,US20140378509A1
US9138431,US20150342944A1
US9139568,US20160339028A1
US9145391,US20140249130A1
US9145402,US20130158032A1
US9145414,US20140343038A1
US9150527,US20140303157A1
US9150544,US20140329801A1
US9145354,US20150051199A1
US9155743,US20140045831A1
US9156810,US20160096817A1
US9156830,US20140249159A1
US8889671,US20170128458A1
US8614195,US20120264700A1
US8889672,US20120302561A1
US8889684,US20130029993A1
US8889724,US20130336949A1
US8889696,US20120269831A1
US8889870,US20130237538A1
US8894989,US20130011365A1
US8895549,US20150080374A1
US8614223,US20170096403A1
US8895581,US20130210832A1
US8895745,US20100120761A1
US8901115,US20150057262A1
US8901140,US20150126550A1
US8901315,US20140073799A1
US8906911,US20130261129A1
US8906943,US20120196905A1
US8907086,US20130324562A1
US8912173,US20130029949A1
US8912181,US20130296320A1
US8912208,US20150065517A1
US8912219,US20140275032A1
US8912221,US20120165338A1
US8916553,US20140148453A1
US8916574,US20120208833A1
US8916576,US20150344464A1
US8653100,US20110105502A1
US8653257,US20120202991A1
US8653304,US20120184735A1
US8916577,US20130302416A1
US8916594,US20140051862A1
US8916600,US20170081315A1
US8921319,US20130267467A1
US8921364,US20190160046A1
US8921370,US20170217950A1
US8921373,US20130123239A1
US8921404,US20080090867A1
US8921397,US20120283254A1
US8921410,US20160039833A1
US8921412,US20140213642A1
US8921421,US20110294878A1
US8921424,US20110218221A1
US8921559,US20120142733A1
US8927507,US20140107044A1
US8927520,US20130331351A1
US8927534,US20090104116A1
US8927536,US20140080808A1
US8927539,US20120208804A1
US8927563,US20140296271A1
US8927577,US20150353508A1
US8927730,US20120088798A1
US8933024,US20130157941A1
US8933040,US20140005191A1
US8933056,US20160250237A1
US8933095,US20140057938A1
US8933098,US20140094491A1
US8933099,US20140235614A1
US8933221,US20150087637A1
US8927738,US20130289038A1
US8937058,US20110021472A1
US8937084,US20140171461A1
US8937092,US20130079377A1
US8937095,US20140018405A1
US8937193,US20110112112A1
US8940719,US20080119443A1
US8940736,US20140018319A1
US8940738,US20120220591A1
US8937070,US20200239458A1
US8940739,US20130196972A1
US8940744,US20240174676A1
US8940748,US20150307465A1
US8940893,US20140275014A1
US8969341,US20140350010A1
US8969352,US20140275118A1
US8952002,US20140357613A1
US8952008,US20150259352A1
US8969333,US20140288059A1
US8969336,US20120040968A1
US8969348,US20120129863A1
US8969358,US20150203504A1
US8969376,US20120309754A1
US8969394,US20090247596A1
US8969568,US20120028939A1
US8969578,US20110223661A1
US8969583,US20130172353A1
US8969586,US20140235647A1
US8952025,US20130267546A1
US8952027,US20150297595A1
US8952036,US20140243372A1
US8952037,US20110306591A1
US8952128,US20150148522A1
US8952150,US20120238577A1
US8956589,US20110311444A1
US8957057,US20100256227A1
US8957059,US20140038934A1
US8957064,US20130317002A1
US8957075,US20120108605A1
US8957077,US20130137707A1
US8957083,US20130338177A1
US8957084,US20140187571A1
US8957093,US20120309757A1
US8962609,US20130267491A1
US8962611,US20140357618A1
US8962612,US20130317010A1
US8962616,US20150133438A1
US8962619,US20140073635A1
US8962630,US20130184285A1
US8962637,US20130143895A1
US8962646,US20130005755A1
US8962648,US20130178459A1
US8962659,US20150126555A1
US8962664,US20120316207A1
US8962837,US20130040928A1
US8962859,US20140038954A1
US8962860,US20100119475A1
US8975247,US20120276050A1
US8975249,US20120149687A1
US8975250,US20120277220A1
US8975252,US20100240644A1
US8975260,US20130261103A1
US8975261,US20140336195A1
US8975265,US20130190332A1
US8975276,US20130165447A1
US8975282,US20150037280A1
US8975409,US20150126486A1
US8975415,US20140179695A1
US8975417,US20140349990A1
US8980829,US20130324464A1
US8980887,US20130203754A1
US8980901,US20210332047A1
US8980904,US20140288063A1
US8980906,US20150203494A1
US8980916,US20140322195A1
US8980929,US20130203786A1
US8980932,US20130274305A1
US8980938,US20090258936A1
US8980954,US20070249647A1
US8987239,US20130123219A1
US8987242,US20110135650A1
US8987247,US20130085129A1
US8987248,US20150183773A1
US8987249,US20230310373A1
US8987254,US20150157641A1
US8981112,US20180344734A1
US8981106,US20140206647A1
US8987257,US20120220576A1
US8987268,US20140011800A1
US8987272,US20130217693A1
US8987273,US20130210825A1
US8987286,US20130310405A1
US8987287,US20150203495A1
US8987313,US20130309197A1
US8987314,US20140045811A1
US8987315,US20120309800A1
US8987319,US20150266821A1
US8987335,US20140094445A1
US8987445,US20150218143A1
US8987457,US20130336965A1
US8987473,US20140005221A1
US8987474,US20080176309A1
US8993552,US20160045504A1
US8993556,US20120046266A1
US8993557,US20140235608A1
US8993565,US20140303156A1
US8993568,US20150005305A1
US8993575,US20140024656A1
US8993586,US20150152109A1
US8993596,US20150191451A1
US8993612,US20110112058A1
US8993614,US20130244958A1
US8993616,US20140179932A1
US8993631,US20140336194A1
US8993765,US20120157460A1
US8993808,US20120004262A1
US8999955,US20100285124A1
US8999975,US20130172327A1
US8999980,US20150166491A1
US8999982,US20140018365A1
US8999994,US20130012522A1
US8999998,US20240150364A1
US9000008,US20190010150A1
US9000015,US20180338989A1
US8999981,US20120108588A1
US9012443,US20130150339A1
US8999957,US20130096084A1
US9000029,US20150246021A1
US9000043,US20140235718A1
US9000044,US20130225588A1
US9000153,US20130172337A1
US9000182,US20130345246A1
US9000183,US20130345247A1
US9000184,US20130345248A1
US9000185,US20130345272A1
US9006187,US20130172278A1
US9006232,US20120208797A1
US9006242,US20170290837A1
US9006244,US20170136017A1
US9006246,US20130109699A1
US9006249,US20150174089A1
US9006268,US20130090324A1
US9006269,US20210267974A1
US9006282,US20130303773A1
US9006283,US20090018218A1
US9006454,US20120028959A1
US9011882,US20150238472A1
US9012461,US20130017194A1
US9018211,US20140142115A1
US9018213,US20140171442A1
US9018214,US20210122749A1
US9018234,US20130005773A1
US9018255,US20130317102A1
US9018391,US20150239849A1
US9018371,US20100137577A1
US9018381,US20120035134A1
US9023767,US20100285988A1
US9023849,US20130210824A1
US9023865,US20140296203A1
US9023882,US20120289506A1
US9024044,US20160058734A1
US9029356,US20220144813A1
US9029360,US20130261105A1
US9029367,US20140371212A1
US9029364,US20140275050A1
US9029370,US20120316165A1
US9029381,US20120065193A1
US9029393,US20110288074A1
US9029399,US20140228386A1
US9029401,US20140088156A1
US9034303,US20130330284A1
US9034854,US20060063723A1
US9034856,US20100317632A1
US9034874,US20170275264A1
US9034886,US20140235633A1
US9034907,US20080267911A1
US9034921,US20140088079A1
US9035062,US20140303375A1
US9035066,US20190359611A1
US9035059,US20140005382A1
US9035074,US20150246048A1
US9040501,US20140221305A1
US9040509,US20110160173A1
US9040518,US20130029938A1
US9040528,US20150368266A1
US9040542,US20130267540A1
US9040663,US20150252077A1
US9040693,US20090325900A1
US9040694,
US9040717,US20200163937A1
US9040727,US20140221431A1
US9045389,US20120302641A1
US9045459,US20120088790A1
US9045468,US20120046271A1
US9045483,US20130245032A1
US9045498,US20150231144A1
US9045500,US20150031691A1
US9045501,US20140234443A1
US9045524,US20120157394A1
US9107923,US20170057947A1
US9107954,US20150157730A1
US9108903,US20150328196A1
US9108905,US20090176883A1
US9108947,US20140275020A1
US9108951,US20140275061A1
US9051240,US20130274249A1
US9051265,US20120309769A1
US9051270,US20190248745A1
US9108950,US20190185458A1
US9108956,US20150141474A1
US9108978,US20140296177A1
US9108984,US20140066448A1
US9051279,US20130281473A1
US9051280,US20120295881A1
US9051313,US20180303844A1
US9051321,US20140357617A1
US9051329,US20140113920A1
US9056832,US20130303526A1
US9056857,US20130158017A1
US9056843,US20140142105A1
US9056859,US20130217680A1
US9056863,US20140235645A1
US9056865,US20130210800A1
US9061023,US20100316748A1
US9061041,US20140154211A1
US9062004,US20130059848A1
US9062026,US20140024661A1
US9062045,US20130245002A1
US9163003,US20150126513A1
US9163007,US20140343066A1
US9163011,US20150150877A1
US9163021,US20150246912A1
US9062059,US20140228368A1
US9062060,US20140357639A1
US9062066,US20130072482A1
US9062070,US20140206618A1
US9062078,US20140275065A1
US9066954,US20130303529A1
US9067888,US20130345233A1
US9067914,US20250288595A1
US9067917,US20140275028A1
US9067924,US20120225858A1
US9067931,US20160122337A1
US9067945,US20130245045A1
US9067949,US20120184531A1
US9073821,US20130072677A1
US9073853,US20140288106A1
US9073869,US20140378504A1
US9073870,US20140179669A1
US9073876,US20140221310A1
US9073882,US20130225561A1
US9073893,US20140235675A1
US9073906,US20140024636A1
US9073911,US20120316172A1
US9073925,US20110003739A1
US9073926,US20130137680A1
US9073931,US20180117041A1
US9073936,US20140275131A1
US9169209,US20140275057A1
US9169252,US20150191464A1
US9173935,US20160090395A1
US9174999,US20160115173A1
US9181182,US20120034270A1
US9174940,US20110172267A1
US9187397,US20160039734A1
US9199944,US20150152069A1
US9200016,US20160264549A1
US9090621,US20150353562A1
US9090589,US20140147920A1
US9221832,US20140163035A1
US9187424,US20210161869A1
US9238629,US20120149722A1
US9227979,US20130190335A1
US9243038,US20140213515A1
US9273043,US20160222002A1
US9273053,US20160326158A1
US9247759,US20130345222A1
US9290459,US20160060231A1
US9290505,US20190388419A1
US9295672,US20150141443A1
US9296693,US20160200683A1
US9212182,US20160046626A1
US9284333,US20150018342A1
US9303033,US20140094448A1
US9271961,US20140107085A1
US9315520,US20170304312A1
US9320722,US20150202169A1
US9334268,US20150299194A1
US9345789,US20120251459A1
US9353089,US20140296532A1
US9388170,US20150126539A1
US9416103,US20150266820A1
US9416126,US20160009696A1
US9422263,US20120264785A1
US9073939,US20120190709A1
US9079852,US20140031363A1
US9079868,US20110237631A1
US9079880,US20120178752A1
US9079906,US20120010203A1
US9073940,US20120238545A1
US9079902,US20140256707A1
US9079913,US20140378680A1
US9085540,US20140323463A1
US9085549,US20150011604A1
US9085571,US20140315946A1
US9422273,US20160068520A1
US9085576,US20160280695A1
US9085572,US20120322772A1
US9085584,US20140045857A1
US9089569,US20150119382A1
US9090564,US20130196975A1
US9090596,US20150374708A1
US9090618,US20150322066A1
US9090625,US20160200735A1
US9090628,US20120245144A1
US9090657,US20120251581A1
US9096515,US20140024709A1
US9096541,US20130261052A1
US9096549,US20140243345A1
US9096559,US20130137690A1
US9096579,US20130281430A1
US9096580,US20150141395A1
US9096595,US20140045870A1
US9096596,US20140275120A1
US9096601,US20130203986A1
US9096606,US20140364448A1
US9238653,US20120302586A1
US9096627,US20140066419A1
US9102599,US20130184279A1
US9102637,US20150133656A1
US9102656,US20140018381A1
US9102686,US20140275056A1
US9114126,US20140031419A1
US9115061,US20090105319A1
US9096593,US20140045840A1
US9115085,US20200115344A1
US9115102,US20120178934A1
US9115116,US20140206645A1
US9115117,US20140275095A1
US9115126,US20120283239A1
US9422297,US20150141445A1
US9422293,US20160318942A1
US9427428,US20120219594A1
US9115144,US20140296537A1
US9115089,US20150352092A1
US9119845,US20110052613A1
US9120744,US20100137194A1
US9493448,US20170001984A1
US9522888,US20160052888A1
US9120752,US20150344465A1
US9120756,US20140142143A1
US9120761,US20130022594A1
US9115121,US20140343061A1
US9115122,US20140179743A1
US9120745,US20140296186A1
US9120769,US20140249174A1
US9120771,US20140171402A1
US9120772,US20160166562A1
US9120780,US20130289072A1
US9120781,US20130131044A1
US9120785,US20140100250A1
US9120786,US20150353512A1
US9120797,US20110319440A1
US9120798,US20150197521A1
US9120807,US20170291907A1
US9120812,US20140378433A1
US9126941,US20130034501A1
US9126948,US20140057912A1
US9125915,US20130261109A1
US9126947,US20130190298A1
US9126952,US20130012489A1
US9126957,US20140206665A1
US9126973,US20150099748A1
US9126976,US20140357632A1
US9126978,US20160095866A1
US9126979,US20140343093A1
US9126980,US20150080428A1
US9126987,US20080214620A1
US9127001,US20160060259A1
US9127005,US20120214832A1
US9127027,US20140113884A1
US9132129,US20150336965A1
US9132134,US20240058353A1
US9133105,US20140256775A1
US9133125,US20150045384A1
US9133131,US20140315783A1
US9133134,US20150111912A1
US9133160,US20130310393A1
US9133162,US20120219522A1
US8772323,US20130172323A1
US8829029,US20130165432A1
US9133171,US20150005329A1
US9133180,US20150018367A1
US9133182,US20130217732A1
US9133187,US20130338140A1
US9133197,US20120053191A1
US9133199,US20150344486A1
US9133201,US20240358707A1
US9133183,US20140315917A1
US9138393,US20140227206A1
US9138423,US20130172397A1
US9138494,US20160058894A1
US9139529,US20150336945A1
US9139546,US20110207748A1
US9139577,US20150005278A1
US9139578,US20150158856A1
US9139585,US20140309213A1
US9139593,US20140323462A1
US9144538,US20140227207A1
US9145380,US20100331321A1
US9145392,US20140343029A1
US9145408,US20200223847A1
US9145412,US20140128391A1
US9145418,US20140243347A1
US9145426,US20140023667A1
US9149477,US20210332047A1
US9149492,US20140044757A1
US9150546,US20110319414A1
US9145419,US20130045980A1
US9150519,US20130109669A1
US9150526,US20140296296A1
US9150566,US20150158855A1
US9150577,US20130109679A1
US9150578,US20130190305A1
US9150579,US20210403475A1
US9150581,US20140357674A1
US9150583,US20130210850A1
US9156811,US20160060224A1
US9156829,US20150232460A1
US9156831,US20160137634A1
US9156836,US20160009724A1
US9156845,US20140005183A1
US9156848,US20150175609A1
US9156852,US20140371219A1
US9156856,US20130184278A1
US9161922,US20080199933A1
US9161924,US20140219989A1
US9156822,US20130137679A1
US9161939,US20150148357A1
US9161945,US20130165645A1
US9162979,US20130165494A1
US9162983,US20140350262A1
US9162991,US20140024837A1
US9163008,US20190002412A1
US9163010,US20120258995A1
US9168255,US20150250789A1
US9169182,US20130331460A1
US9163012,US20110053943A1
US9163013,US20160045485A1
US9163015,US20130096110A1
US9163017,US20140213601A1
US9163040,US20140228323A1
US9163042,US20200377535A1
US9168247,US20130116273A1
US9168248,US20110312952A1
US9169205,US20140100211A1
US9499502,US20140128382A1
US9079895,US20140148452A1
US9169234,US20160031812A1
US9169240,US20150239879A1
US9169243,US20150175597A1
US9169259,US20130109661A1
US9073941,US20130158037A1
US9169224,US20130331396A1
US9169246,US20130079337A1
US9169260,US20140194404A1
US9169270,US20150158883A1
US9173869,US20110077256A1
US9173879,US20140364441A1
US9173884,US20140323503A1
US9174965,US20150133479A1
US9505749,US20150225396A1
US9505766,US20150045343A1
US9527857,US20230364098A1
US9533989,US20170145019A1
US9533985,US20150051395A1
US9174969,US20110190315A1
US9174974,US20150148313A1
US9174982,US20140094471A1
US9174993,US20140357640A1
US9174997,US20150045344A1
US9175003,US20150148539A1
US9175320,US20220259627A1
US9175331,US20130040906A1
US9175000,US20140163058A1
US9175357,US20160011195A1
US9180116,US20170066751A1
US9180120,US20130225646A1
US9180122,US20140243353A1
US9180183,US20160090395A1
US9180192,US20130040944A1
US9181181,US20140303175A1
US9181184,US20180221357A1
US9181185,US20140288092A1
US9181187,US20100076038A1
US9181219,US20160256447A1
US9181230,US20150045359A1
US9181233,US20110224259A1
US9181236,US20140200213A1
US9181249,US20150175602A1
US9181253,US20120252823A1
US9181258,US20140249146A1
US9181261,US20150141428A1
US9181266,US20150025070A1
US9181272,US20140323468A1
US9181275,US20160130282A1
US9181279,US20150087626A1
US9181263,US20150306106A1
US9182402,US20140127127A1
US9186318,US20140221425A1
US9186360,US20120316136A1
US9187406,US20240360068A1
US9187413,US20130217764A1
US9187428,US20130210795A1
US9187429,US20130274287A1
US9187430,US20150051211A1
US9187437,US20130190361A1
US9187441,US20140005386A1
US9187450,US20130109653A1
US9187459,US20140221406A1
US9187462,US20150087664A1
US9187466,US20130190330A1
US9187469,US20140275072A1
US9187470,US20150183777A1
US9187474,US20150105367A1
US9187477,US20150119393A1
US9187480,US20160046630A1
US9187486,US20140221344A1
US9187487,US20140073626A1
US9192603,US20130158078A1
US9193689,US20150099732A1
US9193697,US20130018048A1
US9193726,US20160024088A1
US9193736,US20140364413A1
US9193762,US20130310311A1
US9199927,US20140378459A1
US9199947,US20140296239A1
US9199949,US20150045346A1
US9199976,US20130137684A1
US9199981,US20130059846A1
US9199997,US20160264576A1
US9200001,US20140249134A1
US9200006,US20140221654A1
US9199999,US20130210815A1
US9200020,US20150099722A1
US9200268,US20140186923A1
US9205078,US20140288125A1
US9205085,US20210401836A1
US9206129,US20140148416A1
US9206139,US20150218107A1
US9206162,US20150266858A1
US9206167,US20140163039A1
US9206184,US20130158000A1
US9206198,US20150099729A1
US9212153,US20160272600A1
US9216974,US20150175589A1
US9206173,US20120065189A1
US9206188,US20140315909A1
US9206199,US20140336177A1
US9206201,US20150051173A1
US9206232,US20140357551A1
US9211296,US20130338117A1
US9212130,US20130225596A1
US9212139,US20190292149A1
US9212140,US20140031407A1
US9212165,US20160326154A1
US9695174,US20160214984A1
US9682910,US20230399282A1
US9682940,US20170057925A1
US9682963,US20170247357A1
US9682967,US20170239226A1
US9688624,US20130053444A1
US9670166,US20160340319A1
US9670213,US20150126508A1
US9212144,US20150210644A1
US9212145,US20150072986A1
US9212147,US20140336165A1
US9212171,US20150119384A1
US9212173,US20150051238A1
US9212178,US20150111883A1
US9212184,US20130281460A1
US9212186,US20150051201A1
US9212187,US20140343278A1
US9212192,US20140194418A1
US9212196,US20140107078A1
US9206164,US20140113917A1
US9212206,
US9216182,US20140235609A1
US9216962,US20140148600A1
US9216968,US20140221339A1
US9216972,US20120214767A1
US9216981,US20130317023A1
US9216984,US20160067253A1
US9216985,US20160067249A1
US9216986,US20160303120A1
US9216988,US20130190288A1
US9216997,US20140329800A1
US9221767,US20140206686A1
US9221790,US20130085160A1
US9221795,US20160039793A1
US9216999,US20160102102A1
US9221791,US20140350003A1
US9221796,US20210121453A1
US9221797,US20140148448A1
US9221802,US20150197510A1
US9221824,US20200247811A1
US9221828,US20160175304A1
US9221839,US20140023668A1
US9217012,US20120088720A1
US9216998,US20130210806A1
US9221808,US20130059839A1
US9221831,US20140057931A1
US9226922,US20150258074A1
US9226923,US20140243303A1
US9227930,US20140309206A1
US9227949,US20160058734A1
US9227959,US20150225385A1
US9227982,US20150210709A1
US9234000,US20150225450A1
US9226927,US20140227302A1
US9227956,US20140315928A1
US9227969,US20170183348A1
US9227970,US20150099735A1
US9227973,US20150099771A1
US9227975,US20190169193A1
US9227977,US20140274980A1
US9233086,US20110312997A1
US9233108,US20180015097A1
US9233111,US20140243306A1
US9233946,US20130172339A1
US9233953,US20150105397A1
US9233968,
US9233979,US20150266895A1
US9233981,US20150376207A1
US9233983,US20150064196A1
US9238619,US20140256701A1
US9238626,US20150099776A1
US9238644,US20140073620A1
US9238651,US20140371215A1
US9238658,US20140364393A1
US9241942,US20140080832A1
US9238625,US20180127362A1
US9242943,US20120184540A1
US9242957,US20140256958A1
US9242960,US20140228410A1
US9242969,US20140275003A1
US9242970,US20130237525A1
US9242975,US20150011532A1
US9242981,US20130172341A1
US9242982,US20140221651A1
US9242995,US20150038502A1
US9221809,US20140329799A1
US9242973,US20150225386A1
US9242988,US20150274739A1
US9242996,US20150126490A1
US9242998,US20150368265A1
US9243002,US20150361101A1
US9242977,US20150111865A1
US9670216,US20150284400A1
US9546152,US20150291558A1
US9260454,US20140296169A1
US9540377,US20150353553A1
US9248140,US20150328239A1
US9249085,US20140350019A1
US9249096,US20140213588A1
US9249114,US20140148457A1
US9249123,US20130281432A1
US9249125,US20150203475A1
US9555024,US20150150864A1
US9249139,US20140296530A1
US9249151,US20150057286A1
US9255087,US20220144813A1
US9243020,US20160096858A1
US9260417,US20140296268A1
US9253997,US20160101091A1
US9255090,US20150252036A1
US9255091,US20150259336A1
US9255096,
US9255098,US20150183788A1
US9255103,US20140213593A1
US9255106,US20150166544A1
US9255107,US20150299202A1
US9255110,US20140303149A1
US9259422,US20180030062A1
US9259470,US20180127393A1
US9260410,US20160115152A1
US9260413,US20150024071A1
US9260415,US20150158846A1
US9260425,US20130039906A1
US9260446,US20160326184A1
US9260448,US20140228565A1
US9492405,US20200197332A1
US9249163,US20140364414A1
US9233965,US20140336189A1
US9260439,US20150291604A1
US9260440,US20190016731A1
US9260450,US20160200735A1
US9260455,US20150239908A1
US9265734,US20160122290A1
US9266828,US20150073054A1
US9266832,US20130274260A1
US9266839,US20190175556A1
US9266848,US20120226033A1
US9266853,US20150210666A1
US9546162,US20150094330A1
US9878991,US20180208575A1
US9617250,US20160031866A1
US9624194,US20160052911A1
US10736881,US20190282547A1
US10736890,US20190167666A1
US10738056,US20190119285A1
US9233921,US20140343114A1
US9265773,US20140213571A1
US9266835,US20150239844A1
US9266869,US20150166521A1
US9266870,US20150183768A1
US9266876,US20140371204A1
US9266878,US20150218154A1
US9266880,US20130231354A1
US9266881,US20140343053A1
US9266895,US20240174676A1
US9233167,US20190247388A1
US9233947,US20140243329A1
US9266877,US20210346369A1
US9266883,US20150119385A1
US9266890,US20180362545A1
US9266891,US20160129001A1
US9271969,US20150157611A1
US9271981,US20150374701A1
US9273011,US20160287584A1
US10913744,US20180244676A1
US11173137,US20200016103A1
US11198680,US20240287024A1
US11319299,US20190112290A1
US11753373,US20230026438A1
US20230312550,US20230312550A1
US9273021,US20120028892A1
US9273029,US20140142097A1
US9273033,US20150291561A1
US9273052,US20130131068A1
US9273014,US20150166489A1
US9273042,US20150141413A1
US9249124,US20140057913A1
US9273046,US20150045355A1
US9290451,
US9290454,US20150353498A1
US9290456,US20150030704A1
US9290463,US20130156699A1
US9290467,US20130196965A1
US9290477,US20150259325A1
US9290457,US20160031825A1
US9290481,US20150152087A1
US9290482,
US9290485,US20120035168A1
US9290487,US20140336376A1
US9290490,US20140148474A1
US9290507,US20130190286A1
US8772490,US20120165533A1
US9278093,US20150306091A1
US9278914,US20140221479A1
US9278918,US20160002152A1
US9278930,US20150157617A1
US9278944,US20140011807A1
US9278953,US20150099782A1
US9278954,US20140343083A1
US9278960,US20140309227A1
US9278963,US20160279128A1
US9290517,US20150284411A1
US9278968,US20150232464A1
US9278976,US20160137622A1
US9278978,US20150057295A1
US9278981,US20150183801A1
US9283225,US20140228379A1
US9284284,US20140256715A1
US9284298,US20140051708A1
US9284299,US20160297801A1
US9284302,US20150307479A1
US9284315,US20150166539A1
US9284317,US20130267527A1
US9296775,US20140162967A1
US9283222,US20140212509A1
US9284319,US20150038485A1
US9284330,US20140364443A1
US9296703,US20150368208A1
US9296728,US20160168083A1
US9296747,US20160102088A1
US9296734,US20140249104A1
US9296736,US20140315895A1
US9296745,US20150087585A1
US9296748,US20150246919A1
US9302981,US20140194508A1
US9303005,US20130225674A1
US9303019,US20140045910A1
US9302989,US20160031880A1
US9303018,US20150018333A1
US9249087,US20140128408A1
US9260435,US20150005309A1
US9289400,US20140228355A1
US9290501,US20130274220A1
US9296681,US20140066500A1
US9296757,US20150152121A1
US9302985,US20140163110A1
US9271963,US20090221591A1
US9278100,US20200289515A1
US9278925,US20140275199A1
US9290476,US20140107094A1
US9290488,US20150011529A1
US9296708,US20240067756A1
US9296741,US20140162971A1
US9296759,US20160159818A1
US9302986,US20190071396A1
US9302996,US20130261128A1
US9284322,US20150152119A1
US9303012,US20150299165A1
US9303015,US20140107096A1
US9303017,US20140378428A1
US9303023,US20130324579A1
US9303025,US20180251426A1
US9303045,US20150291624A1
US9314464,US20230116233A1
US9314468,US20130172330A1
US9315438,US20150191502A1
US9315463,US20160264557A1
US9315492,US20150094337A1
US9303035,US20140171412A1
US9315489,US20150141427A1
US9315491,US20140178360A1
US9315493,US20140011823A1
US9315498,US20140155602A1
US9315499,US20150158861A1
US9315500,US20160213670A1
US9315508,US20150225402A1
US9315514,US20140057932A1
US9315518,US20140350002A1
US9315519,US20150259358A1
US9320732,US20240173303A1
US9320737,US20140228370A1
US9321721,US20140256819A1
US9321747,US20150299169A1
US20160326143,US20160326143A1
US9320734,US20150126563A1
US9320741,US20200148702A1
US9321728,US20150329504A1
US9321738,US20150133511A1
US9321743,US20140094508A1
US9321748,US20160184317A1
US9321750,US20150284366A1
US9321752,US20150252029A1
US9321766,US20160096832A1
US9328112,US20150218165A1
US20250026741,US20250026741A1
US20250101020,US20250101020A1
US20250109156,US20250109156A1
US9321760,US20150126484A1
US9321773,US20180118754A1
US9321791,US20180291025A1
US9326978,US20130197025A1
US9328070,US20150225344A1
US9328111,US20150018356A1
US9328120,US20150025088A1
US9328123,US20150225416A1
US9328124,US20150232483A1
US9333197,US20140228412A1
US9321756,US20140187553A1
US9328118,US20160228442A1
US9321790,US20150183804A1
US9328096,US20150322043A1
US9328106,US20140088117A1
US9333199,US20150342944A1
US9333205,US20130143896A1
US9333217,US20200397812A1
US9334271,US20140336166A1
US9334278,US20150218170A1
US9339486,US20150148408A1
US9340511,US20160194285A1
US9340534,US20160024068A1
US9340521,US20140274918A1
US9340542,US20150183787A1
US9340555,US20180086774A1
US9340573,US20150252072A1
US9345740,US20150164974A1
US9345793,US20140314669A1
US9346810,US20130210831A1
US9333195,US20190183867A1
US9328099,US20140228348A1
US9334279,US20150329547A1
US9334288,US20150051205A1
US9340504,US20150141434A1
US9340506,US20120214735A1
US9334269,US20130131035A1
US9334290,US20190382416A1
US9339501,US20150209356A1
US9340500,US20140024647A1
US9340507,US20150376131A1
US9340510,US20160075657A1
US9340517,US20130225563A1
US9340530,US20150025046A1
US9340537,US20150126485A1
US9346793,US20130267569A1
US9346797,US20160130267A1
US9346822,US20140221381A1
US9353062,US20150057312A1
US9334286,US20150218181A1
US9340549,US20150045368A1
US9340574,US20150239931A1
US9346782,US20150105369A1
US9346787,US20150045342A1
US9346798,US20150057271A1
US9346803,US20160303082A1
US9346818,US20150191480A1
US9346827,US20140031340A1
US9345700,US20150352097A1
US9345742,US20160228493A1
US9346770,US20130089613A1
US9346794,US20160130265A1
US9346795,US20140135318A1
US9346815,US20190322661A1
US9346839,US20160263133A1
US9351973,US20170020879A1
US9353067,US20140296247A1
US9353083,US20140228342A1
US9353113,US20160031884A1
US9353115,US20140107115A1
US9358227,US20150126550A1
US9346786,US20130203728A1
US9346814,US20140357650A1
US9346829,US20150182533A1
US9351965,US20130261125A1
US9353061,US20150148360A1
US9353066,US20150232428A1
US9353075,US20130281490A1
US9353081,US20130079365A1
US9353090,US20160024059A1
US9359293,US20160279091A1
US9359301,US20150225345A1
US9359330,US20150057300A1
US9346821,US20140094489A1
US9353084,US20150232449A1
US9353093,US20160096828A1
US9353101,US20150111866A1
US9353102,US20150183778A1
US9353104,US20160016947A1
US9353116,US20130137708A1
US9359337,US20150246906A1
US9359339,US20150018399A1
US9359341,US20150259333A1
US9359345,US20150353534A1
US9359348,US20150307488A1
US9365558,US20140357670A1
US9393245,US20190336506A1
US9359338,US20150197511A1
US9388160,US20140235658A1
US9359361,US20160074403A1
US9359371,US20150232474A1
US9359372,US20150210711A1
US9359399,US20190241610A1
US9364459,US20130029986A1
US9364482,US20160136172A1
US9365502,US20160326127A1
US9365508,US20120149778A1
US9365511,US20150353488A1
US9365529,US20160280650A1
US9365534,US20150038728A1
US9365539,US20130040929A1
US9365546,US20140171449A1
US9365562,US20140256708A1
US9365563,US20180208575A1
US9365575,US20130310394A1
US9365576,US20130317024A1
US9365853,US20140086936A1
US9388137,US20140309228A1
US9394281,US20150274747A1
US9394283,US20250268905A1
US9365572,US20150239885A1
US9365582,US20140113929A1
US9365589,US20150344500A1
US9388136,US20150246883A1
US9388139,US20140171477A1
US9388140,US20140302010A1
US9388149,US20160362403A1
US9388162,US20150175571A1
US9388171,US20140066453A1
US9388176,US20180036317A1
US9388181,US20160096837A1
US9388189,US20150291595A1
US9388197,US20150361096A1
US9388198,US20150361097A1
US9388199,US20150166578A1
US9394254,US20140336221A1
US9394276,US20150315200A1
US9394304,US20150246918A1
US9394307,US20190169197A1
US9402878,US20220289793A1
US9403799,US20150133452A1
US9403822,US20200277291A1
USRE46024,
US9393232,US20170027912A1
US9394263,US20150361059A1
US9394282,US20140235641A1
US9394285,US20160016940A1
US9394289,US20140378457A1
US9394290,US20140155407A1
US9394291,US20150376170A1
US9394293,US20160318920A1
US9394303,US20150284387A1
US9402837,US20170027919A1
US9402842,US20160081999A1
US9403774,US20150274671A1
US9403797,US20160304493A1
US9403804,US20140329815A1
US9388210,US20140309443A1
US9394250,US20210147403A1
US9409887,US20160332994A1
US9394273,US20150329518A1
US9394275,US20170362200A1
US9388165,US20150191450A1
US9394297,US20150329538A1
US9403768,US20150246882A1
US9403803,US20160102077A1
US9403827,US20150353551A1
US9403831,US20150259350A1
US9403833,US20170000770A1
US9403846,US20160002264A1
US9408850,US20140080807A1
US9408863,US20140221304A1
US9409845,US20150259271A1
US9409858,US20150056213A1
US9409868,US20170049760A1
US9409900,US20130225587A1
US9409931,
US9403810,US20230301970A1
US9394309,US20130190290A1
US9394311,US20150148332A1
US9403767,US20130197095A1
US9403801,US20150274704A1
US9403808,US20130109665A1
US9403813,US20160024064A1
US9403843,US20170008884A1
US9409866,US20150344429A1
US9409882,US20150307472A1
US9409924,US20140296205A1
US9416127,US20150191458A1
US9422231,US20150073177A1
US9422243,US20140336192A1
US9422261,US20140050683A1
US9422307,US20130012703A1
US9422312,US20160039846A1
US9422324,US20140315874A1
US9394331,US20150018300A1
US9409888,US20160024055A1
US9409892,US20150038528A1
US9409895,US20140171403A1
US9409907,US20160222009A1
US9409908,US20150203492A1
US9409915,US20150158875A1
US9409917,US20150025075A1
US9416123,US20140336225A1
US9416139,US20150299215A1
US9416154,US20140235567A1
US9421177,US20120214858A1
US9422333,US20150175657A1
US9428465,US20150111892A1
US9428466,US20150133477A1
US9415055,US20190307766A1
US9416129,US20150284379A1
US9416132,US20140329807A1
US9422235,US20100056528A1
US9422240,US20150175541A1
US9422290,US20140135336A1
US9422299,US20160318941A1
US9422318,US20150336916A1
US9422331,US20150225449A1
US9422332,US20150210739A1
US9427442,US20150231152A1
US9428447,US20140315965A1
US9422255,US20160016921A1
US9422277,US20150274716A1
US9427440,US20140107101A1
US9428456,US20150336893A1
US9428476,US20160016923A1
US9428478,US20140194422A1
US9428491,US20130253008A1
US9428492,US20150284368A1
US9428501,US20150266869A1
US9428502,US20150210688A1
US9446064,US20140323421A1
US9447055,
US9428460,US20150191431A1
US9428500,US20150105554A1
US9428504,US20150166538A1
US9428469,US20160009666A1
US9428505,US20210024524A1
US9428503,US20190185468A1
US9428508,US20130281438A1
US9428511,US20150210703A1
US9428513,US20150133447A1
US9428514,US20150158873A1
US9433609,US20140107172A1
US9433622,US20160000784A1
US9434690,US20180086742A1
US9434692,US20210380537A1
US9434693,US20140162997A1
US9446044,US20140275064A1
US9446130,US20150353565A1
US9447057,US20150368214A1
US9447114,US20160039841A1
US9447132,US20140309189A1
US9434733,US20150045348A1
US9446026,US20190240201A1
US9447029,US20160332959A1
US9447085,US20150353516A1
US9447090,US20140088080A1
US9447091,US20180250272A1
US9447095,US20150336953A1
US9452985,US20160271278A1
US9453017,US20150025041A1
US9453018,US20220041601A1
US9453021,US20140171422A1
US9453023,US20140275005A1
US9434719,US20180051015A1
US9434724,US20160009706A1
US9434711,US20140315899A1
US9434725,US20140005168A1
US9453034,US20160016975A1
US9453038,US20150336991A1
US9453048,US20150225452A1
US9457039,US20160045526A1
US9458105,US20150291525A1
US9458135,US20160002207A1
US9458136,US20140135345A1
US9458140,US20160096825A1
US9458145,US20180282316A1
US9463192,US20190231777A1
US9464062,US20150291539A1
US9464073,US20150239869A1
US9464081,US20150322060A1
US9434697,US20200206222A1
US9434727,US20230312585A1
US9447038,US20150073004A1
US9447106,US20240254128A1
US9452980,US20160264596A1
US9464044,US20150210635A1
US9464103,US20150307533A1
US9469613,US20160347719A1
US9469627,US20190262338A1
US9469639,US20160207916A1
US9469644,US20160002243A1
US9475795,US20160376256A1
US9447148,US20180148478A1
US9452986,US20180334435A1
US9452990,US20150126492A1
US9452998,US20210387962A1
US9453031,US20160024112A1
US9464060,US20150057298A1
US9468642,US20130195848A1
US9469653,US20140142089A1
US9475779,US20160031829A1
US9475806,US20160024079A1
US9475809,US20160152613A1
US9475814,US20140275097A1
US9481668,US20160115154A1
US9458110,US20160016910A1
US9458113,US20160031830A1
US9458172,US20160355514A1
US9458176,US20140243316A1
US9464076,US20160024060A1
US9469608,US20150315141A1
US9480684,US20180030062A1
US9481685,US20110190618A1
US9487494,US20100317582A1
US9493429,US20160009667A1
US9493447,US20170096420A1
US9458171,US20150191483A1
US9458201,US20190216887A1
US9459250,US20150064112A1
US9464092,US20180221378A1
US9481673,US20190358218A1
US9493430,US20150322023A1
US9493431,US20160002187A1
US9493457,US20190359611A1
US9493474,US20140288042A1
US9505739,US20150038490A1
US9481677,US20140256736A1
US9464084,US20240116930A1
US9468661,US20150190457A1
US9469631,US20150225390A1
US9475775,US20160257653A1
US9487554,US20140249119A1
US9493412,US20140228321A1
US9493472,US20160137647A1
US9493483,US20170079984A1
US9499542,US20160102089A1
US9505734,US20170057989A1
US9505765,US20150203499A1
US9475813,US20150368245A1
US9475817,US20150344480A1
US9475819,US20160376280A1
US9481682,US20150353570A1
US9481688,US20140121199A1
US9499486,US20160096805A1
US9499493,US20210267971A1
US9499523,US20150361071A1
US9499534,US20160060256A1
US9499561,US20150246929A1
US9499570,US20150376210A1
US9475815,US20150031676A1
US9481672,US20200061063A1
US9487462,US20130303572A1
US9487483,US20150148349A1
US9487488,US20150307454A1
US9487490,US20150191434A1
US9487501,US20150218131A1
US9505743,US20150274702A1
US9505754,US20150031671A1
US9481648,US20180044288A1
US9487511,US20180162853A1
US9489013,US20160043774A1
US9492453,US20240109902A1
US9493432,US20160222030A1
US9493435,US20180072745A1
US9493440,US20160009689A1
US9493441,US20140228358A1
US9504684,US20180280387A1
US9505736,US20150203468A1
US9505773,US20160176893A1
US9522883,US20150218097A1
US9493446,US20150252032A1
US9493485,US20160272654A1
US9505753,US20150218156A1
US9505786,US20150274754A1
US9511061,US20080305162A1
US9512065,US20150191421A1
US9512068,US20160031804A1
US9512082,US20080262063A1
US9512130,US20160016959A1
US9512169,US20150210734A1
US9493486,US20200207769A1
US9493490,
US9499482,US20150218092A1
US9499492,US20150291537A1
US9499547,US20140296231A1
US9505745,US20170029412A1
US9512084,US20230312483A1
US9512114,US20160318914A1
US9512126,US20150104526A1
US9526727,US20180344734A1
US9505762,US20160046631A1
US9505780,US20150344494A1
US9512115,US20160031869A1
US9512121,US20160122339A1
US9512132,US20150376192A1
US9512141,US20150299220A1
US9522881,US20160102054A1
US9522886,US20150307452A1
US9522910,US20140213592A1
US9504692,US20140288060A1
US9522914,US20140275006A1
US9527838,US20150336946A1
US9527839,US20150197516A1
US9527851,US20140336207A1
US9532990,US20180207161A1
US9533969,US20140370121A1
US9533992,US20170081333A1
US9693992,US20150141424A1
US9693997,US20160000760A1
US9694002,US20170087136A1
US9694011,US20160120868A1
US9694012,US20170035769A1
US9694015,US20150224104A1
US9694016,US20160038504A1
US9694018,US20230109432A1
US9694024,US20180214464A1
US9695118,US20150152047A1
US9695128,US20170008854A1
US9695131,US20160244415A1
US9695132,US20160221966A1
US9695149,US20160039790A1
US9695151,US20160075687A1
US9695152,US20160075688A1
US9695160,US20180044331A1
US9695163,US20160185768A1
US9695165,US20150197519A1
US9695167,US20170369488A1
US9695168,US20190040058A1
US9695170,US20160159796A1
US9695172,US20160347749A1
US9695175,US20150218171A1
US9695176,US20180030057A1
US9695179,US20190345162A1
US9695180,US20190106426A1
US9695181,US20160176879A1
US9695183,US20160376280A1
US9695185,US20160326184A1
US9695194,US20170002021A1
US9695195,US20160185801A1
US9695197,US20150291620A1
US9695200,US20190106439A1
US9695205,US20150239893A1
US9682141,US20150030588A1
US9682953,US20150065464A1
US9682955,US20160068512A1
US9682957,US20170362200A1
US9687476,US20160051518A1
US9682959,US20170217926A1
US9682960,US20150175576A1
US9682961,US20160264555A1
US9682965,US20170342058A1
US9682966,US20150210673A1
US9682968,US20160152605A1
US9682969,US20190256505A1
US9682971,US20160046600A1
US9682980,US20150152113A1
US9682976,US20180030050A1
US9682983,US20170334918A1
US9682991,US20130065881A1
US9682993,US20160009728A1
US9682995,US20150368260A1
US9687478,US20190183867A1
US9687479,US20170258775A1
US9687483,US20160213664A1
US9687494,US20160367563A1
US9688615,US20180111894A1
US9688629,US20230192645A1
US9688638,US20170253565A1
US9688642,US20160009662A1
US9688643,US20160185736A1
US9675539,US20160220467A1
US9675571,US20160022619A1
US9675591,US20160228416A1
US9675593,US20160263090A1
US9675594,US20170020850A1
US9675605,US20160074377A1
US9688645,US20160251324A1
US9688661,US20150166512A1
US9688664,US20150099761A1
US9688668,US20150210675A1
US9688669,US20160237072A1
US9688672,US20180051015A1
US9688676,US20170129890A1
US9688678,US20150329551A1
US9688680,US20160031892A1
US9688683,US20160152624A1
US9688684,US20160311830A1
US9688695,US20150094297A1
US9688696,US20170029440A1
US9688710,US20180244708A1
US9688816,US20190153160A1
US9675612,US20160009734A1
US9675614,US20210308121A1
US9675616,US20140113896A1
US9675697,US20170281773A1
US9676701,US20160052865A1
US9676712,US20160031811A1
US9676720,US20160060221A1
US9676721,US20130295051A1
US9676728,US20160311779A1
US9676732,US20170114028A1
US9669028,US20160060261A1
US9669029,US20150290191A1
US9669031,US20210338673A1
US9669034,US20170217949A1
US9669035,US20150366873A1
US9669095,US20160130304A1
US9670136,US20180079709A1
US9670142,US20160130214A1
US9670157,US20170253561A1
US9670161,US20150274666A1
US9670181,US20140309253A1
US9670191,US20150218138A1
US9670193,US20140329825A1
US9670194,US20150087663A1
US9670195,US20150218147A1
US9670196,US20160326156A1
US9670201,US20180170928A1
US9670202,US20160297811A1
US9670203,US20190144446A1
US9670204,US20190169184A1
US9670208,US20160304519A1
US9670209,US20160039819A1
US9670210,US20210032244A1
US9670211,US20160229853A1
US9670212,US20170226131A1
US9670214,US20170349595A1
US9670220,US20150284403A1
US9676777,US20160137645A1
US9676782,US20150361081A1
US9676783,US20210002287A1
US9676786,US20190084993A1
US9676792,US20160024115A1
US9676818,US20150337009A1
US9670229,US20160251373A1
US9670230,US20150291626A1
US9670231,US20160159820A1
US9670255,US20160137704A1
US9533995,US20140315923A1
US9533999,US20150232484A1
US9540364,US20150218149A1
US9540373,US20170073352A1
US9540384,US20150087644A1
US9540352,US20150307494A1
US9540323,US20150259286A1
US9540357,
US9540388,US20160039836A1
US9539260,US20130165436A1
US9540379,US20120302564A1
US9550774,US20150368240A1
US9540396,US20140080804A1
US9546168,US20160311819A1
US9550755,US20150148374A1
US9540359,US20150266865A1
US9550781,US20140296261A1
US9556132,US20150203458A1
US9556145,US20160214960A1
US9556147,US20160002206A1
US9546153,US20150274696A1
US9550778,US20160096833A1
US9556111,US20150133510A1
US9556157,US20160130261A1
US9556170,US20150065495A1
US9556181,US20160002245A1
US10047092,US20150290190A1
US10047096,US20170253602A1
US10047097,US20210002287A1
US10047098,US20170362248A1
US10047103,US20200123160A1
US9556160,US20150203480A1
US9556191,US20160039838A1
US9561238,US20150150887A1
US9562012,US20160152570A1
US9556175,US20180291025A1
US10045974,US20190000823A1
US10047073,US20190185463A1
US10047080,US20180009800A1
US10047084,US20160304510A1
US10047093,US20210238183A1
US9555022,US20130156756A1
US9556135,US20150259308A1
US9556139,US20150232442A1
US9556143,US20150099750A1
US9556148,US20160176849A1
US9556168,US20150210687A1
US10047086,US20190040058A1
US10047118,US20170305962A1
US10052306,US20230012073A1
US10053431,US20160272596A1
US10053433,US20170101384A1
US10053434,US20190202795A1
US10053454,US20160009701A1
US10053455,US20180179195A1
US10053456,US20170029417A1
US10053458,US20170145007A1
US9546173,US20150274733A1
US9550763,US20160024072A1
US10053461,US20180127416A1
US10053462,US20170088550A1
US10053463,US20160016962A1
US10053465,US20170057965A1
US10053471,US20180002349A1
US9700563,US20160235759A1
US9701638,US20150291531A1
US9701663,US20160024056A1
US9701669,US20160185764A1
US9701670,US20150218137A1
US9701672,US20170267666A1
US9701685,US20150322076A1
US9701691,US20130178460A1
US9701693,US20140275022A1
US9707205,US20160038455A1
US9707233,US20160022685A1
US9708253,US20160326104A1
US9708266,US20170057920A1
US9708268,US20160130231A1
US9708269,US20160194285A1
US9708270,US20150274672A1
US9708272,US20160060226A1
US9708274,US20150361055A1
US9708275,US20160257656A1
US9708279,US20160257658A1
US9708295,US20160002205A1
US9708302,US20160326144A1
US9708309,US20150376177A1
US9708311,US20160214977A1
US9708313,US20160031881A1
US9708318,US20160244449A1
US9708325,US20200109144A1
US9708333,US20180009815A1
US9708336,US20160333021A1
US9708337,US20160016967A1
US9708340,US20160185795A1
US9708359,US20250084119A1
US9708370,US20150329591A1
US9533987,US20160108036A1
US9546164,US20150252038A1
US9550741,US20160096811A1
US9556130,US20160145218A1
US9556150,US20160311801A1
US9713606,US20230310373A1
US9713612,US20190142827A1
US9713651,US20250170283A1
US9714221,US20170233340A1
US9714224,US20160145213A1
US9714232,US20160244429A1
US9714234,US20160200710A1
US9714235,US20170267663A1
US9714236,US20220119372A1
US9714241,US20180162853A1
US9714242,US20190367504A1
US9714244,US20160060258A1
US9714247,US20170107215A1
US9714249,US20160096843A1
US9714252,US20150336974A1
US9714266,US20160024142A1
US9717714,US20150342931A1
US9717745,US20160324878A1
US9718760,US20150315178A1
US9718771,US20170320821A1
US9718780,US20160145210A1
US9718787,US20150368205A1
US9718790,US20130172317A1
US9718792,US20170174640A1
US9718793,US20190358241A1
US9718800,US20160272607A1
US9718803,US20160102075A1
US9718808,US20170037037A1
US9718809,US20150025068A1
US9718812,US20170008883A1
US9718814,US20180162853A1
US9718819,US20170349585A1
US9718820,US20160304518A1
US9718822,US20170114059A1
US9718828,US20170008899A1
US9718854,US20140088028A1
US9549932,US20160287604A1
US9550771,US20160272631A1
US9550775,US20160009710A1
US9718825,US20160024097A1
US9718813,US20150166529A1
US10058534,US20180169063A1
US10058540,US20170340618A1
US10058549,US20210128552A1
US10058550,US20190100510A1
US10059667,US20160332968A1
US10059668,US20170129857A1
US10059687,US20210238161A1
US10059688,US20180009782A1
US10059669,US20170313658A1
US10059695,US20190016705A1
US10059705,US20160272634A1
US10059709,US20180346465A1
US10059713,US20170158700A1
US10059720,US20170190715A1
US10064853,US20170304283A1
US10064861,US20170143713A1
US10064873,US20170252356A1
US10065928,US20170247332A1
US10065941,US20170362199A1
US10065945,US20180009796A1
US10065948,US20170101402A1
US10065950,US20120108564A1
US10065953,US20180222901A1
US10065961,US20170029429A1
US10065963,US20190062336A1
US10065967,US20170320882A1
US10065970,US20180065983A1
US10065973,US20180093999A1
US10071079,US20230255941A1
US9550796,US20160280719A1
US9556117,US20150344425A1
US9556179,US20150344481A1
US9556187,US20160102102A1
US9556188,US20240254128A1
US9556190,US20160318944A1
US10065972,US20160376289A1
US9877957,US20170273966A1
US9878996,US20170260165A1
US9879026,US20170073352A1
US9879032,US20170210755A1
US9884048,US20170266167A1
US9884814,US20150361037A1
US9951047,US20170217935A1
US9879013,US20170313705A1
US10071086,US20200155525A1
US10071110,US20170239279A1
US10071957,US20150322002A1
US10071965,US20160376235A1
US10071974,US20180339971A1
US10071984,US20170240529A1
US10071988,US20170226089A1
US10071991,US20170158678A1
US10071992,US20240140937A1
US10071994,US20180179193A1
US10071995,US20180127401A1
US10071998,US20170369484A1
US10072001,US20190016717A1
US10072003,US20170305902A1
US10072005,US20180208593A1
US10072008,US20180155343A1
US10072016,US20230312585A1
US10072025,US20170240567A1
US10072026,US20170305934A1
US10072034,US20170291917A1
US10040781,US20180370955A1
US10040788,US20170197954A1
US10040789,US20170333429A1
US10040790,US20170166564A1
US10040791,US20170313696A1
US10040798,US20180051029A1
US10040802,US20180051035A1
US10040805,US20180009828A1
US10040815,US20200239514A1
US10034861,US20210023056A1
US10034864,US20240173303A1
US10034939,US20180333492A1
US10035760,US20160257645A1
US10035761,US20180127362A1
US10035777,US20170260145A1
US10035778,US20200199079A1
US10035780,US20170217907A1
US10035792,US20180009794A1
US10035794,US20170320864A1
US10035797,US20230192687A1
US10035804,US20170204107A1
US10035814,US20170233419A1
US10028934,US20160310465A1
US10028960,US20170312280A1
US10028961,US20160220572A1
US10029993,US20170044115A1
US10030004,US20220000847A1
US10030012,US20170183338A1
US10030020,US20170327500A1
US10030025,US20160318941A1
US10030026,US20170101412A1
US10030027,US20170174693A1
US10030047,US20170233437A1
US10022352,US20160271105A1
US10022354,US20170312252A1
US10022376,US20170071946A1
US10022387,US20190060331A1
US10022461,US20180071412A1
US10023519,US20170247311A1
US10023528,US20200385335A1
US10023534,US20170355673A1
US10030016,US20240294524A1
US9884828,US20150284337A1
US9884843,US20160368893A1
US9884850,US20170096413A1
US9884860,US20160159793A1
US9884865,US20160207923A1
US9884868,US20200031832A1
US9884874,US20170174702A1
US9884878,US20150259357A1
US10023539,US20170342034A1
US10023543,US20220153706A1
US10023557,US20190002437A1
US10023559,US20170144994A1
US10023561,US20170342058A1
US10023562,US20180370956A1
US10023564,US20170240538A1
US10023570,US20190127374A1
US10023575,US20170101411A1
US10023576,US20170355698A1
US10023583,US20180022755A1
US10023592,US20180273547A1
US10077247,US20220048881A1
US10077265,US20170283412A1
US10077266,US20170283414A1
US10077269,US20190322674A1
US10077272,US20180072750A1
US10077273,US20180072751A1
US10077277,US20150361094A1
US10077289,US20160289271A1
US10080744,US20180064690A1
US10080750,US20170217905A1
US10081601,US20180009761A1
US10081602,US20170253565A1
US10081606,US20180072687A1
US10081617,US20180079743A1
US10081623,US20170283403A1
US10081629,US20170037044A1
US10081632,US20170327501A1
US10081635,US20170283421A1
US9517228,US20210023054A1
US9518000,US20160016880A1
US9518026,US20160090362A1
US9518055,US20160031882A1
US9518060,US20220089613A1
US9518064,US20150119390A1
US9566277,US20160151367A1
US9566312,US20150306172A1
US9567304,US20150141400A1
US9518052,US20150329542A1
US9567320,US20150376167A1
US9567327,US20210128552A1
US9567333,US20160039817A1
US9567338,US20140163010A1
US9567339,US20210179556A1
US9567334,US20240092777A1
US9567324,US20160194311A1
US9567341,US20160075713A1
US10085983,US20170296537A1
US10085984,US20210322409A1
US10085986,US20140248378A1
US10085988,
US10085990,US20190336506A1
US10086000,US20170360800A1
US10087143,US20190248745A1
US10087144,US20170066722A1
US10087148,US20160159751A1
US10087167,US20180099953A1
US10087178,US20170044156A1
US10087181,US20170073344A1
US10087185,US20180111933A1
US10087187,US20180002336A1
US10087188,US20170362242A1
US10087191,US20180170943A1
US10092529,US20190038578A1
US10092551,US20170246153A1
US10092556,US20160228427A1
US10092563,US20150361054A1
US10092570,US20240216377A1
US10093631,US20170197923A1
US10093635,US20180134674A1
US10093646,US20180362496A1
US10093650,US20200095221A1
US10093651,US20180086732A1
US10093655,US20240317713A1
US10093658,US20180002315A1
US10093660,US20170174668A1
US10093663,US20180009795A1
US10093664,US20180186781A1
US10092575,US20170209459A1
US10093671,US20170342069A1
US10093673,US20180030053A1
US10093683,US20170044183A1
US10093697,US20230109432A1
US9573930,US20220153706A1
US9573943,US20140128376A1
US9573957,US20150018334A1
US9573961,US20150329557A1
US9572792,US20150265573A1
US9572802,US20170362200A1
US9572811,US20150182530A1
US9573958,US20150225412A1
US10098883,US20180344739A1
US10098888,US20170290837A1
US10098900,US20170281810A1
US10098902,US20200246362A1
US10099993,US20180194710A1
US10100016,US20180265476A1
US10100018,US20160207880A1
US9579320,US20150297595A1
US9579407,US20140178304A1
US9580396,US20160264538A1
US9580411,US20150197509A1
US9580412,US20160362403A1
US9580418,US20170253587A1
US9580423,US20180008610A1
US9580432,US20160115168A1
US9580442,US20190040079A1
US9580415,US20160024080A1
US9580449,US20150259363A1
US9580437,US20160176882A1
US10100019,US20180111905A1
US10100030,US20160289206A1
US10100042,US20170210727A1
US10100045,US20180111925A1
US10100046,US20190002456A1
US10100048,US20160016932A1
US10100049,US20170121327A1
US10100051,US20180118739A1
US10100057,US20240352023A1
US10100058,US20180148457A1
US10105349,US20190000807A1
US10105367,US20190046535A1
US10106501,US20230066771A1
US10106504,US20180222864A1
US10106508,US20170355683A1
US10106510,US20170362191A1
US10106521,US20180127392A1
US10106522,US20180016251A1
US10106527,US20230286945A1
US10106534,US20180251458A1
US10106535,US20170305900A1
US10106550,US20180134722A1
US10106552,US20160318948A1
US10106553,US20170291908A1
US10106557,US20170275299A1
US10106559,US20190382416A1
US10106571,US20190085010A1
US9585879,US20160113918A1
US9585881,US20210147403A1
US9586900,US20150218093A1
US9586925,US20160002194A1
US9586942,US20150111875A1
US9586945,US20150111867A1
US9586948,US20150274708A1
US9586949,US20160229843A1
US9586950,US20150252033A1
US9586959,US20140315888A1
US9586962,US20140171430A1
US9586965,US20150210702A1
US9586970,US20160264585A1
US10111875,US20160228443A1
US10112895,US20170217882A1
US10112899,US20180244617A1
US10112907,US20180086716A1
US10112911,US20150322045A1
US10112922,US20170144986A1
US10112926,US20170037032A1
US10112928,US20150284367A1
US10112929,US20180044326A1
US10112931,US20180051015A1
US10112932,US20190263793A1
US10112934,US20240092769A1
US10112935,US20180093978A1
US10112937,US20160039809A1
US10112939,US20170226105A1
US10112940,US20250066355A1
US10112942,US20190183886A1
US10112944,US20180072728A1
US10112950,US20190106426A1
US10111866,US20180147194A1
US10112941,US20170327498A1
US10112955,US20170121346A1
US10112968,US20190100552A1
US10117858,US20210228554A1
US10117864,US20180036300A1
US10117875,US20170224699A1
US10117944,US20170014519A1
US10118894,US20170204058A1
US10118902,US20170240514A1
US10118915,US20180099954A1
US10118918,US20150361042A1
US10118929,US20190040073A1
US10118930,US20170334917A1
US10123984,US20230285340A1
US10123995,US20180000795A1
US10124003,US20190015417A1
US10124009,US20170333444A1
US10125097,US20160168088A1
US10125100,US20190330155A1
US10125101,US20180148411A1
US10125111,US20180030016A1
US10125118,US20170066742A1
US10125125,US20180155330A1
US10125133,US20170369488A1
US10125135,US20170305909A1
US10125137,US20180030056A1
US10125144,US20160237095A1
US10125145,US20170260201A1
US10125148,US20170008909A1
US10125150,US20180258105A1
US9593113,US20160185776A1
US9593121,US20150210700A1
US9593129,US20170144971A1
US9592230,US20150190395A1
US9592235,US20160296525A1
US9593105,US20190307766A1
US9593110,US20150210690A1
US9593097,US20160176850A1
US9593099,US20230116233A1
US9593100,US20230116233A1
US9593123,US20160168158A1
US9593127,US20170182011A1
US10130617,US20190038607A1
US10130619,US20190046515A1
US10130622,US20170100386A1
US10130633,US20160263122A1
US10130642,US20180050052A1
US10131645,US20180030017A1
US10131648,US20170362196A1
US10131651,US20170217942A1
US10131658,US20160376266A1
US10131663,US20240383895A1
US10131664,US20190055242A1
US10131667,US20170137424A1
US10131670,US20180170938A1
US10131673,US20170349602A1
US10131675,US20170369510A1
US10131692,US20190194257A1
US9597310,US20160235706A1
US9597317,US20160311776A1
US9597318,US20170166539A1
US9597326,US20180333406A1
US9597330,US20160038486A1
US9597333,US20170014423A1
US9598370,US20240358691A1
US9598381,US20160031838A1
US9598387,US20150232435A1
US9598396,US20150353526A1
US9598401,US20160083370A1
US9598405,US20150353535A1
US9598407,US20150158866A1
US9598410,US20160060259A1
US9598411,US20150322066A1
US9598415,US20190002465A1
US9598416,US20150080371A1
US9598421,US20190322674A1
US9598423,US20160311824A1
US9598426,US20160039835A1
US9598431,US20170066781A1
US9598436,US20160096847A1
US9598440,US20150299224A1
US9598446,US20150239894A1
US9598447,US20140128346A1
US10137110,US20170319549A1
US10137122,US20220160702A1
US10137124,US20190183886A1
US10137202,US20190105406A1
US10137210,US20180028694A1
US10138212,US20180037554A1
US10138222,US20180072703A1
US10138226,US20170320861A1
US10138228,US20170334894A1
US10138229,US20190112302A1
US10138230,US20190062324A1
US10138236,US20170275282A1
US10138240,US20180170926A1
US10138241,US20250042901A1
US10138242,US20180186789A1
US10138245,US20170114064A1
US10138249,US20190152976A1
US10138253,US20180230165A1
USRE47141,
US10143681,US20180050022A1
US10143695,US20170333442A1
US10143746,US20170252432A1
US10144715,US20170226067A1
US10143668,US20170157070A1
US10143704,US20160296548A1
US10144729,US20170334893A1
US10144731,US20160318917A1
US10144734,US20220313676A1
US10144738,US20170240552A1
US10144742,US20170174704A1
US10144746,US20180194780A1
US10149835,US20170333399A1
US10149839,US20180021316A1
US10149840,US20180000797A1
US10149841,US20180117021A1
US10150728,US20160257641A1
US10150740,US20180127381A1
US10150743,US20200317623A1
US10150747,US20180022723A1
US10150751,US20170342052A1
US10150755,US20180291002A1
US9650336,US20140288091A1
US9650358,US20140275011A1
US9650362,US20160039795A1
US9650366,US20170226094A1
US9650371,US20160326158A1
US9650377,US20170305903A1
US9649308,US20200054630A1
US9649309,US20150290194A1
US9655879,US20160058734A1
US9656955,US20140275087A1
US9656959,US20140005212A1
US9656961,US20150072971A1
US9656962,US20160340316A1
US9656968,US20190002412A1
US9656975,US20170217950A1
US9656988,US20200079754A1
US9656991,US20080286231A1
US9656996,US20160244432A1
US9657001,US20160326143A1
US9657003,US20170260206A1
US9657007,US20150087658A1
US9657009,US20150284382A1
US9657015,US20160039812A1
US9657033,US20150111877A1
US10150758,US20170088541A1
US10150759,US20180134692A1
US10150760,US20180222895A1
US10150762,US20170327492A1
US10150763,US20180086750A1
US10150764,US20160194316A1
US10150765,US20240116930A1
US10150766,US20170342066A1
US10150767,US20170342067A1
US10150787,US20180265531A1
US10155002,US20250170138A1
US10155722,US20180222853A1
US10155727,US20170275254A1
US10155731,US20160145220A1
US10155732,US20190161461A1
US10155733,US20180148425A1
US10155750,US20170320856A1
US10155751,US20180148433A1
US10155752,US20180134690A1
US10155760,US20240360131A1
US10155763,US20130018052A1
US10155764,US20170275289A1
US10155765,US20180051027A1
US10155768,US20180009818A1
US10155769,US20180111942A1
US10155775,US20180111950A1
US10155972,US20170009271A1
US10166214,US20190269650A1
US10166226,US20180153876A1
US10166229,US20190201394A1
US9603819,US20150174089A1
US9603833,US20150166525A1
US9603834,US20160228407A1
US9603836,US20150329525A1
US9603854,US20170151251A1
US9603889,US20150238558A1
US9604926,US20110280804A1
US9604931,US20130150403A1
US9604944,US20170327477A1
US9604945,US20130281495A1
US9604960,US20150126517A1
US9604977,US20150175594A1
US9604982,US20180072724A1
US9604984,US20190322661A1
US9604989,US20150368250A1
US9604998,US20160002259A1
US9605005,US20170145034A1
US9605006,US20160318952A1
US9605007,US20170304312A1
US9605008,US20160145271A1
US9605022,US20150284427A1
US9605024,US20160304560A1
US10166216,US20160243085A1
US10166239,US20250288595A1
US10166249,US20220331346A1
US10167256,US20240158347A1
US10167261,US20170217895A1
US10167264,US20170008856A1
US10167270,US20200071292A1
US10167273,US20160376256A1
US10167276,US20220119372A1
US10167279,US20180170917A1
US10167280,US20170291892A1
US10167281,US20170283409A1
US10167282,US20170298066A1
US10167285,US20170342073A1
US10167292,US20180230153A1
US10167293,US20170342082A1
US10167296,US20170260195A1
US10167299,US20170044187A1
US10167313,US20170114092A1
US9610264,US20150265557A1
US9610299,US20180338989A1
US9610322,US20160213744A1
US9611221,US20210009520A1
US9611222,US20150259293A1
US9611224,US20150353499A1
US9611229,US20150353510A1
US9611232,US20150246894A1
US9611249,US20170174657A1
US9611251,US20160046599A1
US9611252,US20200031800A1
US9611259,US20160016942A1
US9611261,US20160280695A1
US9611262,US20160075696A1
US9611265,US20250288595A1
US9611267,US20130338134A1
US9611269,US20200079783A1
US9611270,US20160031929A1
US9611275,US20150152127A1
US9611277,US20170204096A1
US10172814,US20170354620A1
US10172837,US20170079960A1
US10172843,US20190307737A1
US10172845,US20220313676A1
US10172851,US20190183886A1
US10172856,US20180289706A1
US10172858,US20160287595A1
US10172859,US20190142833A1
US10172864,US20240335448A1
US9616063,US20240335446A1
US9616064,US20140179689A1
US9617222,US20170096400A1
US9617225,US20140057911A1
US9617226,US20160068494A1
US9617239,US20130345235A1
US9617258,US20150158864A1
US9617259,US20170305900A1
US9617260,US20160280706A1
US9617261,US20160108041A1
US9617262,US20190194194A1
US9617267,US20140288070A1
US9617269,US20150218168A1
US9617271,US20150232472A1
US9617272,US20160060266A1
US9617273,US20190016731A1
US9617281,US20150166574A1
US9617282,US20160002265A1
US9617246,US20160318899A1
US9623021,US20100267767A1
US9623028,US20160008365A1
US9624159,US20160199330A1
US9624175,US20160311774A1
US9624188,US20160060237A1
US9624197,US20150322039A1
US9624198,US20160304491A1
US9624199,US20160304492A1
US9624201,US20200207741A1
US9624205,US20160152604A1
US9624210,US20150329531A1
US9624213,US20140128373A1
US9624217,US20210238174A1
US9624218,US20160251348A1
US9624228,US20170226110A1
US9624234,US20150218180A1
US9624235,US20140371259A1
US9624241,US20210188872A1
US9624243,US20170145032A1
US9624246,US20160229871A1
US9624247,US20160102107A1
US10172868,US20200306259A1
US10173985,US20180244626A1
US10173988,US20180022715A1
US10173990,US20170290795A1
US10173991,US20160326125A1
US10173995,US20150353524A1
US10174000,US20190092750A1
US10174007,US20210309644A1
US10174011,US20170158680A1
US10174013,US20170152249A1
US10174015,US20170334896A1
US10174016,US20230053411A1
US10174020,US20170029423A1
US10174023,US20180111927A1
US10174024,US20180093983A1
US10174027,US20190127374A1
US10174028,US20190127374A1
US10174030,US20210032244A1
US10174035,US20180072732A1
US10174037,US20180148453A1
US10174040,US20180162864A1
US10174044,US20180141956A1
US10174049,US20190135829A1
US10179123,US20180207137A1
US10179761,US20170107174A1
US10179769,US20210009520A1
US10179773,US20190241529A1
US10179791,US20210130364A1
US10179804,US20190216887A1
US10183009,US20170340605A1
US10183021,US20230106002A1
US10183025,US20180021345A1
US10183913,US20200308119A1
US10183917,US20180030003A1
US10183928,US20170267661A1
US10183931,US20210147391A1
US10183932,US20180086742A1
US10183937,US20180072713A1
US10183938,US20170369486A1
US10183939,US20170298061A1
US10183940,US20180291018A1
US10183942,US20180319796A1
US10183944,US20200190095A1
US10183946,US20170204103A1
US10183947,US20240317767A1
US10183953,US20170204096A1
US10183954,US20180065991A1
US9629836,US20170183348A1
US9630914,US20150203447A1
US9630929,US20140296245A1
US9630931,US20170247341A1
US9630945,US20150307475A1
US9630949,US20150045559A1
US9630956,US20120027874A1
US9630965,US20230192687A1
US10188615,US20230218549A1
US10188627,US20170304255A1
US10188642,US20180117032A1
US10188653,US20180042926A1
US10188667,US20190365786A1
US10188756,US20160271276A1
US10188758,US20180099060A1
US10189788,US20190002409A1
US10189794,US20180022713A1
US10189805,US20170283387A1
US10189807,US20190256489A1
US10189809,US20170305878A1
US10189816,US20190092754A1
US10189819,US20180030036A1
US10189829,US20180362522A1
US10189831,US20170349585A1
US10189835,US20190194191A1
US10189836,US20180297997A1
US10189838,US20160068531A1
US10189840,US20180111936A1
US10189841,US20220281869A1
US10189845,US20170362240A1
US9636330,US20170189386A1
US9636335,US20150283125A1
US9636336,US20160346268A1
US9636337,US20160158217A1
US9636338,US20160221954A1
US9636339,US20160229807A1
US9637455,US20160326115A1
US9637472,US20180072702A1
US9637484,US20160108035A1
US9637486,US20160311820A1
US9637487,US20190144451A1
US9637488,US20160222012A1
US9637493,US20150329548A1
US9637496,US20160046640A1
US9637499,US20160022657A1
US9662310,US20150216847A1
US9662327,US20140206673A1
US9662330,US20170217905A1
US9662339,US20130236468A1
US9663460,US20140378492A1
US9663463,US20160280645A1
US9663465,US20160122300A1
US9663469,US20160318870A1
US9663470,US20160272590A1
US9663475,US20150361053A1
US9663476,US20150307457A1
US9663479,US20170071909A1
US9663494,US20150376166A1
US9663496,US20160229838A1
US9663498,US20160251339A1
US9663502,US20160304505A1
US9663503,US20180022739A1
US9663506,US20160159744A1
US9663508,US20160214971A1
US9663510,US20150210683A1
US9663511,US20150045332A1
US9663513,US20150307489A1
US9663515,US20160122345A1
US9663519,US20140275130A1
US9663522,US20150218169A1
US9663523,US20150299201A1
US9663525,US20160244455A1
US9663526,US20170239264A1
US9663527,US20160347757A1
US9663528,US20170260204A1
US9663529,US20160152627A1
US9663530,US20170066775A1
US9663543,US20190085005A1
US9724347,US20190192515A1
US9724352,US20170000800A1
US9724435,US20140328755A1
US9725426,US20170327478A1
US9725430,US20160052904A1
US9725433,US20170066738A1
US9725434,US20160068510A1
US9725435,US20160289209A1
US9725436,US20160221990A1
US9725439,US20160214964A1
US9725442,US20140275074A1
US9725443,US20160229844A1
US9725445,US20160280704A1
US9725446,US20160130269A1
US9725449,US20160333013A1
US9725459,US20150307507A1
US9725465,US20150065468A1
US10188639,US20160331737A1
US10189791,US20190135763A1
US10189796,US20190359577A1
US10189849,US20240109906A1
US10189853,US20170369500A1
US10189854,US20170066776A1
US10189859,US20170066782A1
US10195178,US20170290800A1
US10195181,US20230301970A1
US10195186,US20170239226A1
US10195201,US20180280390A1
US10196346,US20180134653A1
US10196353,US20200270210A1
US10196354,US20180022701A1
US10196365,US20170247339A1
US10196369,US20160176875A1
US10196373,US20150038708A1
US10196374,US20170298041A1
US10196378,US20180057479A1
US10196381,US20160159776A1
US10196382,US20190169172A1
US10196383,US20180215737A1
US10196385,US20180194755A1
US10196387,US20170152248A1
US10196390,US20170247373A1
US10196391,US20170298067A1
US10196393,US20180258087A1
US10196404,US20210230184A1
US10196436,US20190359682A1
US10196396,US20170204101A1
US9730931,US20200206222A1
US9730934,US20170304305A1
US9730937,US20170298029A1
US9730939,US20240216377A1
US9730940,US20150353552A1
US9732037,US20160347713A1
US9732044,US20170066725A1
US9732060,US20160115151A1
US9732061,US20160200719A1
US9732063,US20150329523A1
US9732066,US20160046612A1
US9732072,US20160137631A1
US9732075,US20190263797A1
US9732085,US20170305917A1
US9732087,US20140357614A1
US9732088,US20170114065A1
US9732092,US20170260204A1
US9732093,US20170327514A1
US9732094,US20160083401A1
US9732097,US20160362426A1
US9732103,US20150239919A1
US9732104,US20190048033A1
US9730929,US20140194430A1
US9737516,US20160213654A1
US9737522,US20150196540A1
US9737525,US20160101098A1
US9737542,US20160243125A1
US9737544,US20160213677A1
US9738626,US20160176851A1
US9738628,US20160297801A1
US9738630,US20160297806A1
US9738632,US20170081315A1
US9738637,US20160194315A1
US9738640,US20160152611A1
US9738641,US20160185773A1
US9738649,US20160318942A1
US9738655,US20160145263A1
US9738658,US20190135829A1
US9738668,US20160263133A1
US9738676,US20170327525A1
US9744148,US20170000753A1
US9744172,US20160279132A1
US9744173,US20170304312A1
US9744252,US20160137629A1
US9745265,US20180022701A1
US9745282,US20160304486A1
US9745283,US20170320853A1
US9745284,US20160016935A1
US9745287,US20160332992A1
US9745289,US20160108026A1
US9745291,US20180162847A1
US9745304,US20150376189A1
US9745307,US20160068532A1
US9745310,US20160251361A1
US9745311,US20160280713A1
US9745317,US20170044174A1
US9745321,US20160214994A1
US9745324,US20170037056A1
US9745328,US20150376212A1
US9750744,US20170114059A1
US9750748,US20150329495A1
US9751832,US20160185716A1
US9751837,US20160102059A1
US9751843,US20160297771A1
US9751850,US20150065538A1
US9751854,US20180118762A1
US9751856,US20170217926A1
US9751873,US20160168141A1
US9751881,US20160207922A1
US9751885,US20150266881A1
US9751886,US20160130274A1
US9751888,US20160222016A1
US10201527,US20190282547A1
US10201545,US20150238497A1
US10201546,US20170182056A1
US10202330,US20150368186A1
US10202339,US20150299115A1
US10202340,US20180022697A1
US10202344,US20190292149A1
US9757364,US20170105978A1
US9757369,US20170196850A1
US9757383,US20180015097A1
US9758480,US20150210640A1
US9758483,US20190248745A1
US9758495,US20160039774A1
US9758505,US20150225367A1
US9758508,US20210009565A1
US9758517,US20180271843A1
US9758523,US20160009721A1
US9758524,US20230331729A1
US9758537,US20190031692A1
US9758538,US20170015689A1
US9763943,US20190231777A1
US9763952,US20160106753A1
US9763957,US20180021345A1
US9765018,US20160137595A1
US9765029,US20150344465A1
US9765037,US20130018040A1
US9765038,US20160130236A1
US9765040,US20130165491A1
US9765054,US20140163009A1
US9765056,US20160152599A1
US9765057,US20150322040A1
US9765058,US20160145239A1
US9765060,US20160024054A1
US9765068,US20160368907A1
US9765070,US20160272637A1
US9765092,US20160272655A1
US9763922,US20160158207A1
US9771316,US20150336876A1
US9771320,US20160326103A1
US9771329,US20220153706A1
US9771353,US20160039797A1
US9771359,US20170253586A1
US9771366,US20170327501A1
US9771369,US20150284397A1
US9771375,US20140336170A1
US9771376,US20160297754A1
US9771379,US20170369506A1
US9775839,US20170071935A1
US9775844,US20210000837A1
US9776974,US20220153706A1
US9776988,US20160039794A1
US9776990,US20130281450A1
US9776991,US20160326146A1
US9776995,US20160137636A1
US9777000,US20160347751A1
US9777003,US20200017497A1
US9777004,US20150087631A1
US9777008,US20180186798A1
US9777010,US20230312585A1
US9777017,US20160015695A1
US9777020,US20150210720A1
US9782415,US20190365763A1
US9783499,US20150307453A1
US9783500,US20160368877A1
US9783511,US20160311787A1
US9783524,US20160145237A1
US9783527,US20160075692A1
US9783530,US20170197953A1
US9783543,US20150291599A1
US9783551,US20160272650A1
US9783556,US20150225427A1
US9783573,US20150322111A1
US9783488,US20160039745A1
US9783501,US20150336945A1
US10202350,US20160362378A1
US10202354,US20180022707A1
US10202360,US20170298040A1
US10202362,US20180162836A1
US10202365,US20180022731A1
US10202367,US20170114053A1
US10202368,US20170327493A1
US10202369,US20230053411A1
US10202370,US20160152608A1
US10202371,US20190382399A1
US10202373,US20160333007A1
US10202375,US20230121489A1
US10202377,US20190119276A1
US10202378,US20180009805A1
US10202379,US20200339565A1
US10202381,US20180297999A1
US10202383,US20180291025A1
US10202388,US20180022752A1
US10202389,US20170369499A1
US10202390,US20180179213A1
US10202399,US20170107226A1
US10202403,US20170217989A1
US10202404,US20180265525A1
US10202411,US20170044205A1
US10202412,US20180009836A1
US10202418,US20160145297A1
US9789082,US20190269650A1
US9789094,US20240173303A1
US9789100,US20160271123A1
US9789110,US20180042926A1
US9789116,US20230285402A1
US9790158,US20150166448A1
US9790174,US20180044288A1
US9790180,US20160168093A1
US9790196,US20140256742A1
US9790198,US20160102071A1
US9790201,US20180009780A1
US9790203,US20140148461A1
US9790209,US20160340343A1
US9790212,US20170029412A1
US9790217,US20170226097A1
US9790220,US20170073340A1
US9790221,US20180002327A1
US9790228,US20160168157A1
US9790229,US20240246988A1
US9790230,US20170137435A1
US9790233,US20240043443A1
US9790235,US20170114073A1
US9791447,US20140302525A1
US10206907,US20170035738A1
US10206931,US20170312292A1
US10207991,US20240150288A1
US10207999,US20220153706A1
US10208000,US20170174639A1
US10208011,US20200216406A1
US10208016,US20180251445A1
US10208019,US20250257052A1
US10208020,US20190345137A1
US10208021,US20180201603A1
US10208023,US20160016939A1
US10208024,US20170260168A1
US10208027,US20180244662A1
US10208040,US20220289737A1
US10208043,US20240158402A1
US10208044,US20160185783A1
US10208047,US20170342076A1
US10208056,US20180244687A1
US10208060,US20170313718A1
US10208064,US20170197989A1
US10208066,US20190127391A1
US10208068,US20180148461A1
US10208071,US20190153004A1
US10208081,US20240140984A1
US9795602,US20210015816A1
US9795606,US20160151372A1
US9795608,US20160375027A1
US9795611,US20190169193A1
US9796664,US20160122290A1
US9796672,US20240150288A1
US9796680,US20170029379A1
US9796687,US20160340320A1
US9796700,US20170137406A1
US9796702,US20170226085A1
US9796704,US20180118724A1
US9796706,US20220081427A1
US9796707,US20180044331A1
US9796708,US20160060257A1
US9796710,US20180222902A1
US9796716,US20150191473A1
US9796720,US20160200728A1
US9796723,US20190169193A1
US9796724,US20190365763A1
US9796725,US20170217968A1
US9796729,US20190135829A1
US9796732,US20150368274A1
US9796741,US20200062790A1
US9796742,US20160340375A1
US9796719,US20180127425A1
US9801872,US20160310483A1
US9801878,US20160303120A1
US9801888,US20160136176A1
US9801889,US20180008610A1
US9802904,US20150344443A1
US9802907,US20150291543A1
US9802915,US20170066740A1
US9802918,US20170158670A1
US9802920,US20160304497A1
US9802924,US20240425487A1
US9802928,US20160326155A1
US9802939,US20150112058A1
US9802944,US20170008900A1
US9802945,US20170197965A1
US9802947,US20150307506A1
US9802960,US20180118762A1
US9808445,US20170027916A1
US9809545,US20160046581A1
US9809561,US20160304476A1
US9809568,US20160289207A1
US9809572,US20160185753A1
US9809574,US20200262816A1
US9809582,US20160326147A1
US9809583,US20170050955A1
US9814704,US20160317509A1
US9814715,US20170136017A1
US9815790,US20170057922A1
US9815796,US20170015633A1
US9815819,US20150141455A1
US9815820,US20150252025A1
US9815832,US20150322065A1
US9815834,US20240092777A1
US9815836,US20170275284A1
US9815840,US20160207931A1
US9815842,US20180030061A1
US9815846,US20170114071A1
US9815850,US20180022759A1
US9815861,US20160096858A1
US10213407,US20170152222A1
US10213416,US20170182009A1
US10213421,US20200253950A1
US10213427,US20190240220A1
US10213433,US20190275051A1
US10214477,US20180079709A1
US10214478,US20180148404A1
US10214492,US20220251047A1
US10214507,US20240190837A1
US10214509,US20180105509A1
US10214511,US20200255407A1
US10214512,US20180339977A1
US10214515,US20180194751A1
US10214516,US20180230134A1
US10214518,US20200392123A1
US10214519,US20180086747A1
US10214524,US20160122337A1
US10214527,US20180282320A1
US10214528,US20220009921A1
US10214530,
US10214533,US20180237446A1
US10214534,US20170121340A1
US10214535,US20170320884A1
US10214536,US20170217980A1
US10214537,US20170355707A1
US10214544,US20180237457A1
US10214545,US20170029441A1
US10214546,US20180118766A1
US10220040,US20200061072A1
US10220048,US20200108080A1
US10221129,US20180086697A1
US10221142,US20180016239A1
US10221146,US20180030005A1
US10221156,US20180162831A1
US10221160,US20200247779A1
US10221161,US20220153724A1
US10221162,US20190100510A1
US9820989,US20180036317A1
US9822068,US20170088510A1
US9822074,US20170283381A1
US9822102,US20180086742A1
US9822103,US20160297805A1
US9822120,US20160280711A1
US9822124,US20160009726A1
US9828339,US20160176816A1
US9828348,US20180079726A1
US9828369,US20170275274A1
US9828374,US20170145010A1
US9828378,US20160024099A1
US9828381,US20160304527A1
US9828396,US20180298043A1
US9828368,US20160176858A1
US10221163,US20190144432A1
US10221172,US20180022744A1
US10221173,US20200239468A1
US10221174,US20180354950A1
US10221175,US20180118746A1
US10221177,US20170275285A1
US10221178,US20180141947A1
US10221182,US20180030055A1
US10221195,US20180141960A1
US10221197,US20150361095A1
USRE47267,
US9833448,US20210008055A1
US9833457,US20190336506A1
US9834513,US20170253561A1
US9834543,US20180134690A1
US9834548,US20170174673A1
US9834551,US20160046627A1
US9834554,US20160326164A1
US9834564,US20180037590A1
US9834565,US20190233435A1
US9840498,US20160168131A1
US9840501,US20170044145A1
US9840503,US20160333008A1
US9840508,US20180065972A1
US9844535,US20160374988A1
US9844553,US20170020879A1
US9845308,US20160122318A1
US9845310,US20170035744A1
US9845313,US20170001984A1
US9845333,US20170015651A1
US9849138,US20160095866A1
US9850203,US20160214935A1
US9850225,US20150291549A1
US9850245,US20170275283A1
US9850257,US20170217985A1
US9850258,US20190382416A1
US9850277,US20240059733A1
US9855229,US20160346234A1
US9855269,US20170173026A1
US9856220,US20160318871A1
US9856239,US20180022736A1
US9856250,US20170190699A1
US9856252,US20160222005A1
US9856257,US20160060265A1
US9856263,US20170037049A1
US9856274,US20180072759A1
US9861612,US20170050928A1
US9862679,US20160009644A1
US9862688,US20170044112A1
US9862707,US20170107204A1
US9862711,US20170029414A1
US9862721,US20160031884A1
US9862726,US20170022213A1
US9862730,US20150133446A1
US9867833,US20180000833A1
US9868720,US20160046608A1
US9868729,US20200239458A1
US9868738,US20170247377A1
US9868744,US20180072750A1
US9868748,US20170008910A1
US9867826,US20160361316A1
US9868726,US20180105515A1
US9872852,US20160194307A1
US9873683,US20160244434A1
US9873693,US20180370966A1
US9873709,US20190233441A1
US10226449,US20160338998A1
US10226452,US20170182010A1
US10226464,US20200345739A1
US10227295,US20170369428A1
US10227299,US20180155285A1
US10227310,US20180079729A1
US10227312,US20190248754A1
US10227314,US20170334866A1
US10227327,US20160244431A1
US10227329,US20180022732A1
US10227331,US20180179190A1
US10227332,US20170233374A1
US10227334,US20170275273A1
US10227336,US20170313684A1
US10227338,US20180346459A1
US10227340,US20180072712A1
US10227341,US20180362522A1
US10227342,US20170253594A1
US10227343,US20180022745A1
US10227346,US20180170928A1
US10227350,US20180086768A1
US10227357,US20140128390A1
US10227359,US20190233435A1
US10227360,US20160347768A1
US10227373,US20190202854A1
US10231963,US20170216279A1
US10231967,US20180221367A1
US10233152,US20180127369A1
US10233156,US20180079727A1
US10233160,US20180237402A1
US10233173,US20180334451A1
US10233177,US20170152252A1
US10233178,US20180127406A1
US10233182,US20190225611A1
US10233187,US20250171446A1
US10233188,US20190135817A1
US10233189,US20180009817A1
US10233190,US20180118753A1
US10238633,US20230310373A1
US10238638,US20180036287A1
US10238658,US20190192515A1
US10238743,US20170246300A1
US10239835,US20220274925A1
US10239838,US20170260136A1
US10239840,US20180179162A1
US10239843,US20180016242A1
US10239861,US20180037566A1
US10239869,US20180186777A1
US10239870,US20190300514A1
US10239876,US20180148450A1
US10239881,US20210261554A1
US10239882,US20180282338A1
US10239883,US20230331729A1
US10239887,US20250026764A1
US10245267,US20170260207A1
US10245275,US20190151336A1
US10246419,US20230212127A1
US10246425,US20170362187A1
US10246426,US20180230109A1
US10246429,US20180222876A1
US10246432,US20200172505A1
US9895376,US20190000857A1
US9896418,US20200190031A1
US9896435,US20160280682A1
US9896436,US20160194306A1
US9896444,US20160200705A1
US9896447,US20160229850A1
US9896452,US20170101410A1
US9896458,US20180022759A1
US9902709,US20170029404A1
US9902710,US20160264549A1
US9902714,US20180186775A1
US9902719,US20170129882A1
US9902722,US20240360131A1
US9902726,US20160318932A1
US9902741,US20200291026A1
US9903855,US20160146783A1
US10246442,US20200095234A1
US10246444,US20180208584A1
US10246453,US20190194184A1
US10246456,US20190248787A1
US10246457,US20180127411A1
US10246462,US20180072743A1
US10246466,US20240140964A1
US10246467,US20170247394A1
US10251889,US20190365763A1
US10251892,US20190269693A1
US10251893,US20180000832A1
US10252984,US20140309185A1
US10253004,US20180208560A1
US10253015,US20190135781A1
US10253017,US20180037569A1
US10253018,US20180362501A1
US10253019,US20180370955A1
US9907800,US20180282306A1
US9908845,US20200190031A1
US9908865,US20170275266A1
US9908872,US20180186780A1
US9908875,US20160318922A1
US9908886,US20140371199A1
US9908895,US20240228508A1
US9908897,US20170253615A1
US9908899,US20200148704A1
US9914707,US20170066723A1
US9914721,US20170001985A1
US9914731,US20180148447A1
US9914735,US20160244446A1
US9914736,US20170158698A1
US9914740,US20160152628A1
US9918969,US20170035739A1
US9918985,US20180221367A1
US9918990,US20170014418A1
US9920031,US20230192645A1
US9920032,US20170096411A1
US9920038,US20170260177A1
US9920047,US20180162853A1
US9920053,US20170253592A1
US9920054,US20180170928A1
US9920060,US20170217970A1
US10259776,US20200385335A1
US10259786,US20240158347A1
US10259811,US20190016717A1
US10259816,US20180127420A1
US10259818,US20190002470A1
USRE47351,
US10265307,US20200405702A1
US10265310,US20180078541A1
US10266491,US20200255377A1
US10266493,US20210171466A1
US10266496,US20180230102A1
US10266513,US20210002251A1
US10266515,US20200031799A1
US10266526,US20170355695A1
US10266528,US20180051024A1
US10266535,US20180030054A1
US10266537,US20170305920A1
US10266542,US20180265517A1
US10266548,US20190284206A1
US10266549,US20190152989A1
US10266550,US20190194224A1
US10266560,US20160130297A1
US9926281,US20210309614A1
US9926282,US20150353505A1
US9926299,US20150299171A1
US9926301,US20250206726A1
US9926306,US20150051249A1
US9926318,US20180162859A1
US9926330,US20170247388A1
US9890124,US20170275253A1
US9890156,US20220009921A1
US9890160,US20190359611A1
US9890162,US20170253587A1
US9890166,US20160108047A1
US9890168,US20170233395A1
US9890171,US20170267688A1
US9890185,US20160318958A1
US10272074,US20180207140A1
US10272077,US20210008055A1
US10272079,US20240366589A1
US10272087,US20170000796A1
US10272095,US20190224212A1
US10273211,US20160031818A1
US10273214,US20140275529A1
US10273222,US20170334879A1
US10273223,US20180072702A1
US10273225,US20180258073A1
US10273230,US20170210731A1
US10273234,US20150203493A1
US10273244,US20190194225A1
US10273259,US20190241588A1
US10278929,US20230105307A1
US10278962,US20180064696A1
US10278968,US20180055843A1
US10278975,US20180000833A1
US10280144,US20180072683A1
US10280149,US20180022727A1
US10280150,US20190263779A1
US10280160,US20190256505A1
US10280164,US20180072719A1
US10280165,US20180127414A1
US10280174,US20180127428A1
US10280166,US20190055238A1
US10280167,US20220235052A1
US10280171,US20230109858A1
US10280184,US20190135836A1
US9931338,US20180280387A1
US9932325,US20180051009A1
US9932327,US20160052915A1
US9932329,US20160368908A1
US9932332,US20170355694A1
US9932341,US20250289823A1
US9932350,US20170217981A1
US10285982,US20180228782A1
US10285983,US20180228783A1
US10285988,US20190209558A1
US10285989,US20180256575A1
US10287250,US20180016237A1
US10287253,US20210000826A1
US10287258,US20240336582A1
US10287267,US20230104155A1
US10287268,US20210147388A1
US10287270,US20200262817A1
US10287272,US20190276438A1
US10287278,US20190225598A1
US10287279,US20160168137A1
US10287292,US20220127272A1
US10287293,US20180141952A1
US10287295,US20200031832A1
US10287300,US20180072757A1
US10287301,US20180305375A1
US10287305,US20170226137A1
US9931340,US20170173007A1
US10287286,US20180072714A1
US9938222,US20170253554A1
US9938265,US20170152254A1
US9938267,US20200165238A1
US9938272,US20170152259A1
US9938276,US20170320874A1
US9938289,US20160200735A1
US9938290,US20190040079A1
US9938257,US20170073334A1
US9938268,US20110312951A1
US9938274,US20180099962A1
US10292975,US20190247382A1
US10292981,US20170304299A1
US10292985,US20180243312A1
US10294212,US20180030026A1
US10294217,US20180244655A1
US10294218,US20170204084A1
US10294221,US20180305349A1
US10294223,US20240092777A1
US10294226,US20210340143A1
US10294227,US20180127422A1
US10294229,US20180186799A1
US10294230,US20180346476A1
US10294246,US20180105539A1
US10294259,US20170057989A1
US9943516,US20170209446A1
US9944601,US20180354902A1
US9944606,US20130165412A1
US9944618,US20160024044A1
US9944624,US20190345137A1
US9944643,US20160376272A1
US9944645,US20250223291A1
US9944646,US20160264580A1
US9944647,US20190055250A1
USRE46792,
US9949951,US20180214415A1
US9949975,US20180344734A1
US9951014,US20160122302A1
US9951026,US20160229809A1
US9951027,US20170197922A1
US9951029,US20160194291A1
US9951033,US20170158657A1
US9951035,US20180237412A1
US9951048,US20230286945A1
US9951063,US20170107214A1
US9951071,US20160340360A1
US9951077,US20180251465A1
US9951086,US20160311833A1
US9951056,US20190276446A1
US9956192,US20170035710A1
US9956208,US20170202812A1
US9956214,US20170056389A1
US9957235,US20170197921A1
US9957261,US20170137416A1
US9957263,US20160272630A1
US9957264,US20160272632A1
US9957265,US20160272633A1
US9957268,US20250145621A1
US9957276,US20240109906A1
US10300048,US20170296515A1
US10300051,US20170112816A1
US10300056,US20210213011A1
US10300058,US20170112833A1
US10300060,US20190231777A1
US10300066,US20180207161A1
US10300067,US20180161331A1
US10300074,US20200121693A1
US10301253,US20180009735A1
US10301269,US20200115346A1
US10301272,US20150175562A1
US10301278,US20180065949A1
US10301280,US20170349572A1
US10301284,US20210395221A1
US10301286,US20180230131A1
US10301288,US20180086741A1
US10301291,US20190031645A1
US10301297,US20190276446A1
US10301305,US20170015661A1
US10301306,US20170362219A1
US10301317,US20190292194A1
US10301320,US20240043443A1
US10301323,US20200148704A1
US10301336,US20190085005A1
US9962362,US20180271825A1
US9962388,US20180303832A1
US9962398,US20170007627A1
US9963434,US20160311782A1
US9963439,US20160200703A1
US9963443,US20170114042A1
US9963444,US20170114050A1
US9963446,US20170001997A1
US9963453,US20160075709A1
US9963456,US20170066772A1
US9963460,
US9968610,US20170209449A1
US9969686,US20160039754A1
US9969687,US20170001959A1
US9969700,US20160280667A1
US9969723,US20160024063A1
US9969724,US20170129880A1
US9969726,US20170217951A1
US9969738,US20180237446A1
US9969743,US20170190711A1
US9969749,US20170275297A1
US9974785,US20170096392A1
US9975854,US20170073313A1
US9975858,US20180079726A1
US9975861,US20170096406A1
US9975862,US20170327477A1
US9975874,US20170240524A1
US9975876,US20160304490A1
US9975882,US20210009567A1
US9975902,US20180230162A1
US9975907,US20210253601A1
US10307413,US20190343826A1
US10307414,US20180015083A1
US10307426,US20200352951A1
US10307427,US20180303844A1
US10308605,US20140343070A1
US10308607,US20190077756A1
US10308614,US20180086720A1
US10308615,US20180148420A1
US10308620,US20180155302A1
US10308628,US20180057477A1
US10308629,US20180222881A1
US10308634,US20250034111A1
US10308635,US20180251445A1
US10308636,US20170050950A1
US10308637,US20190002437A1
US10308644,US20190225601A1
US10308645,US20170313693A1
US10308648,US20210061803A1
US10308652,US20180111937A1
US10308654,US20180127419A1
US10308659,US20160016968A1
US10308660,US20180251471A1
US10308662,US20170334925A1
US10308663,US20180170946A1
US10308667,US20180251476A1
US10314827,US20210275508A1
US10314832,US20210353604A1
US9980929,US20170348257A1
US9981901,US20170152206A1
US9981909,US20160046574A1
US9981925,US20180237402A1
US9981944,US20160264553A1
US9981950,US20180282305A1
US9981963,US20160229851A1
US9981973,US20170260188A1
US9981975,US20240124463A1
US9987252,US20190070149A1
US9987253,US20210023054A1
US9987255,US20170368035A1
US9987259,US20230390259A1
US9987276,US20160303121A1
US9987278,US20170165262A1
US9988375,US20210017167A1
US9987274,US20170095472A1
US9988392,US20170204113A1
US9993465,US20170035743A1
US9993478,US20190192515A1
US9993479,US20190231777A1
US9994525,US20160009645A1
US9994546,US20170121302A1
US9994547,US20170313675A1
US9994550,US20160326141A1
US9994552,US20170029409A1
US9994576,US20240174676A1
US9994590,US20170037060A1
US9994571,US20170037046A1
US10322108,US20170368028A1
US10322118,US20160206605A1
US10322140,US20180015106A1
US10322143,US20190282606A1
US10323000,US20160168090A1
US10323016,US20170190687A1
US10323018,US20180009784A1
US10323019,US20190177300A1
US10323020,US20180141930A1
US10323021,US20180282305A1
US10323022,US20190359597A1
US10323023,US20190002442A1
US10323029,US20170217963A1
US10323032,US20180072724A1
US10323036,US20180155349A1
US10323038,US20180327416A1
US10323042,US20190300546A1
US10323060,US20170240586A1
USRE47437,
US10328053,US20180161307A1
US10328054,US20180318254A1
US10328074,US20160129001A1
US10328077,US20200297727A1
US10329256,US20180354902A1
US10329273,US20200095221A1
US10329280,US20190284172A1
US9999619,US20230043959A1
US9999624,US20170224702A1
US10000468,US20170174659A1
US10000475,US20150353512A1
US10000476,US20160340349A1
US10000483,US20150246913A1
US10000487,US20170145009A1
US10000507,US20170190716A1
US10004738,US20170042895A1
US10004755,US20170136043A1
US10005735,US20170050931A1
US10005739,US20160272595A1
US10005756,US20170226080A1
US10005762,US20170362209A1
US10005768,US20170096421A1
US10005769,US20160137637A1
US10005782,US20240254128A1
US10005783,US20210002287A1
US10005788,US20180009815A1
US10005792,US20170313713A1
US10010539,US20170319560A1
US10010547,US20160361310A1
US10011568,US20170298024A1
US10011571,US20170253566A1
US10011588,US20180282309A1
US10011593,US20170226094A1
US10011595,US20170355692A1
US10011599,US20170183348A1
US10011604,US20190169193A1
US10011607,US20180127429A1
US10011611,US20170044185A1
US10011627,US20160222047A1
US10329282,US20190010143A1
US10329286,US20170355693A1
US10329291,US20180354943A1
US10329294,US20180051028A1
US10329295,US20180051030A1
US10329299,US20250171453A1
US10329302,US20230339960A1
US10329303,US20210094969A1
US10329307,US20180298030A1
US10329320,US20240025942A1
USRE47451,
US10335392,US20180221344A1
US10335399,US20220218676A1
US10335401,US20180353492A1
US10335402,US20170340621A1
US10335409,US20190365748A1
US10336684,US20180319737A1
US10336710,US20180297959A1
US10336717,US20160272600A1
US10336721,US20180179176A1
US10016420,US20160287584A1
US10016430,US20240335446A1
US10016438,US20180008610A1
US10016439,US20160331757A1
US10017468,US20170283376A1
US10017501,US20180282316A1
US10017502,US20170217945A1
US10017504,US20170327490A1
US10017516,US20170334918A1
USRE46942,
US10342794,US20190388419A1
US10344004,US20180222870A1
US10344025,US20170291895A1
US10344034,US20190270748A1
US10343992,US20180086708A1
US10344000,US20180305320A1
USRE47493,
US10351547,US20220380337A1
US10351548,US20180155320A1
US10351558,US20180022747A1
US10351563,US20240360131A1
US10351570,US20190023710A1
US10351575,US20190270749A1
US10336724,US20190112289A1
US10336727,US20180305336A1
US10336729,US20190077790A1
US10336731,US20180258075A1
US10336733,US20180305342A1
US10336734,US20180215738A1
US10336739,US20180273518A1
US10336741,US20210147403A1
US10336752,US20190337941A1
US10336754,US20220041601A1
US10336755,US20190016721A1
US10336757,US20090298857A1
US10336759,US20160257689A1
US10336761,US20180215761A1
US10336762,US20180230157A1
US10336774,US20180201623A1
US10336775,US20190367533A1
US10357493,US20240307391A1
US10357546,US20170274053A1
US10358416,US20180297944A1
US10358435,US20180237422A1
US10358436,US20180282306A1
US10358446,US20180222904A1
US10358449,US20180162860A1
US10358451,US20180127418A1
US10376502,US20150335630A1
US10376504,US20180214439A1
US10376514,US20190046535A1
US10364234,US20170342059A1
US10364238,US20200361923A1
US10364242,US20190135802A1
US10364255,US20190263828A1
US10376531,US20190321382A1
US10377717,US20180251429A1
US10377729,US20180208570A1
US10377742,US20200017465A1
US10377744,US20170174665A1
US10377746,US20180251455A1
US10377753,US20180208595A1
US10369153,US20190060319A1
US10370333,US20190010126A1
US10370336,US20180208557A1
US10370337,US20180258046A1
US10370338,US20190077763A1
US10370339,US20180170882A1
US10370352,US20190071413A1
US10370360,US20180022730A1
US10370368,US20180291017A1
US10370370,US20180134696A1
US10370375,US20180346465A1
US10370379,US20170145018A1
US10370387,US20240228508A1
US10370388,US20170145032A1
US10377763,US20180305369A1
US10377768,US20170313722A1
US10377770,US20180362542A1
US10377772,US20170240565A1
US10383835,US20200000755A1
US10383850,US20200030290A1
US10383871,US20210267974A1
US10383880,US20180071306A1
US10385022,US20150152058A1
US10385031,US20180141923A1
US10385036,US20180273504A1
US10385052,US20180099966A1
US10385066,US20190135829A1
US10391089,US20210308121A1
US10392346,US20190330155A1
US10392376,US20210047311A1
US10392391,US20200140441A1
US10392392,US20210238183A1
US10392402,US20200255448A1
US10392405,US20220119405A1
US10398702,US20190134050A1
US10398703,US20210393641A1
US10398706,US20180193352A1
US10399939,US20170129855A1
US10399945,US20200239419A1
US10399958,US20240417383A1
US10399961,US20180305338A1
US10399967,US20170231984A1
US10399972,US20180305352A1
US10399973,US20190359611A1
US10399974,US20180194761A1
US10399976,US20210238174A1
US10399979,US20190127377A1
US10399985,US20160333018A1
US10399987,US20180215762A1
US10399989,US20180362533A1
US10399991,US20170369501A1
US10406136,US20160250179A1
US10406157,US20180360831A1
US10407409,US20180186772A1
US10407422,US20190023701A1
US10407423,US20180362525A1
US10407431,US20190345166A1
US10407433,US20230312585A1
US10407441,US20200148702A1
US10407446,US20240124492A1
US10413545,US20170290832A1
US10413550,US20190358241A1
US10413562,US20180243324A1
US10414731,US20180346424A1
US10414734,US20180201585A1
US10414761,US20180162853A1
US10414765,US20180370965A1
US10414797,US20180319839A1
US10420768,US20180303834A1
US10421722,US20170355675A1
US10421742,US20180194745A1
US10421743,US20190071425A1
US10421747,US20180186775A1
US10421750,US20180305343A1
US10421756,US20180194760A1
US10421760,US20180208598A1
US10421765,US20180370990A1
US10435355,US20180194722A1
US10435361,US20180044288A1
US10435369,US20180127368A1
US10435379,US20190359577A1
US10434085,US20180153854A1
US10434101,US20200276194A1
US10434112,US20210000846A1
US10435392,US20250206726A1
US10435396,US20190071432A1
US10435398,US20170320865A1
US10435400,US20170008889A1
US10435405,US20240287059A1
US10435406,US20180265510A1
US10435407,US20190169189A1
US10435414,US20180327420A1
US10435415,US20190382416A1
USRE47636,
US10426135,US20190387710A1
US10428024,US20190135753A1
US10428028,US20190382351A1
US10428044,US20170101391A1
US10428063,US20180016272A1
US10428068,US20230192687A1
US10428074,US20180222912A1
US10428076,US20180305366A1
US10428083,US20180065981A1
US10428087,US20210253601A1
US10428104,US20160244475A1
US10428108,US20180057526A1
US9951068,US20200347059A1
US10428066,US20200347059A1
US10441581,US20220313676A1
US10441590,US20180125851A1
US10442759,US20180251423A1
US10442772,US20190062285A1
US10442803,US20200017497A1
US10442808,US20180030061A1
US10442810,US20240124463A1
US10442819,US20170369507A1
US10301261,US20210300869A1
US10307425,US20190358231A1
US10323013,US20240294487A1
US10323028,US20210246131A1
US10323037,US20180251465A1
US10329260,US20250257040A1
US10329300,US20180201615A1
US10376513,US20240216377A1
US10377755,US20200071329A1
US10399948,US20180022712A1
US10399980,US20220281869A1
US10435408,US20180312509A1
US10456385,US20230390259A1
US10456394,US20190255046A1
US10457647,US20230312483A1
US10457654,US20180105504A1
US10457669,US20190047990A1
US10457672,US20190055227A1
US10457675,US20190062321A1
US10457677,US20180072715A1
US10450296,US20200002309A1
US10450297,US20200002310A1
US10450298,US20180273509A1
US10450301,US20180362503A1
US10450313,US20210395246A1
US10450321,US20190127385A1
US10457637,US20180170869A1
US10457678,US20180312502A1
US10457681,US20200017501A1
US10457684,US20190127383A1
US10457685,US20190127384A1
US10457686,US20190127386A1
US10457703,US20240327452A1
US10463663,US20200121678A1
US10463675,US20170239264A1
US10464902,
US10464907,US20200010430A1
US10464911,US20180230113A1
US10464918,US20210087165A1
US10464919,US20180162834A1
US10464927,US20190071427A1
US10464928,US20200262817A1
US10464947,US20210188872A1
US10472324,US20170088513A1
US10472344,US20180370947A1
US10472354,US20230053411A1
US10472358,US20250145621A1
US10472364,US20200087310A1
US10472367,US20200247811A1
US10485800,US20150297587A1
US10485803,US20180303836A1
US10487083,US20210340143A1
US10487084,US20200317672A1
US10487086,US20180022753A1
US10487087,US20190010162A1
US10487092,US20180162877A1
US10487111,US20180162904A1
USRE47740,
US10478423,US20180289672A1
US10478424,US20230255941A1
US10478426,US20180207144A1
US10479784,US20190047995A1
US10479788,US20220402912A1
US10479794,US20180134720A1
US10479798,US20170313715A1
US10479803,US20250129098A1
US9975885,US20170313685A1
US10479795,US20220251087A1
US10507209,US20170333433A1
US10507215,US20180338989A1
US10508083,US20190031611A1
US10508086,US20180194738A1
US10508088,US20190084945A1
US10508098,US20210130321A1
US10493060,US20190201380A1
US10494376,US20170298075A1
US10494380,US20200055873A1
US10508099,US20230104155A1
US10508102,US20190023690A1
US10508103,US20190135794A1
US10508104,US20190194173A1
US10508105,US20190055225A1
US10508107,US20190010148A1
US10508108,US20170362220A1
US10508109,US20180273529A1
US10500194,US20180289677A1
US10501411,US20160264596A1
US10501435,US20200071292A1
US10501436,US20220000847A1
US10501438,US20200299262A1
US10501440,US20180305339A1
US10501449,US20240327390A1
US10501451,US20180312495A1
US10501452,US20180327397A1
US10501458,US20180186787A1
US10501466,US20190084988A1
US10501467,US20190016731A1
US10501473,US20170152268A1
WO2005113580,
US10508115,US20200392137A1
US10508120,US20230056447A1
US10512632,US20210023056A1
US10517849,US20220079917A1
US10517858,US20200405702A1
US10517872,US20170173019A1
US10517878,US20190192534A1
US10519118,US20220073477A1
US10519153,US20220289737A1
US10519163,US20200181151A1
US10519167,US20190092786A1
US10519177,US20170320899A1
US10512634,US20180110755A1
US10512644,US20200078353A1
US10513493,US20200181077A1
US10513499,US20200207721A1
US10513507,US20210130321A1
US10513512,US20190031644A1
US10513514,US20180305346A1
US10513518,US20180009807A1
US10513520,US20180065965A1
US10513522,US20200079783A1
US10513523,US20180118751A1
US10513524,US20250206748A1
US10513534,US20160083413A1
US10525036,US20180207132A1
US10526325,US20190010151A1
US10526329,US20190169184A1
US10526330,US20190106420A1
US10526336,US20180370973A1
US10543183,US20200230090A1
US10543194,US20190000807A1
US10543198,US20200108052A1
US10543199,US20210046058A1
US10543207,US20230031776A1
US10543213,US20200297727A1
US10543221,US20180360857A1
US10544075,US20200325092A1
US10544095,US20180222862A1
US10544104,US20200223803A1
US10544106,US20200172495A1
US10544110,US20180237403A1
US10544113,US20170253569A1
US10544117,US20170298037A1
US10544120,US20180346440A1
US10544126,US20230073334A1
US10544128,US20230286945A1
US10544130,US20190144432A1
US10544133,US20180370956A1
US10544141,US20190077800A1
US10544143,US20200095247A1
US10544146,US20180305359A1
US10544147,US20190119278A1
US10544152,US20190031672A1
US10532048,US20190000832A1
US10533001,US20200239458A1
US10533010,US20170174689A1
US10548313,US20180070589A1
US10548896,US20200297727A1
US10548897,US20180256577A1
US10550073,US20180312462A1
US10550080,US20190119209A1
US10550089,US20200140392A1
US10550091,US20190077770A1
US10550100,US20190300503A1
US10550099,US20190263779A1
US10544136,US20190084947A1
US10544132,US20250092027A1
US10537571,US20200206222A1
US10538496,US20190084946A1
US10538497,US20180362482A1
US10538508,US20190345137A1
US10538523,US20180346470A1
US10538528,US20190292190A1
US10538491,US20180072674A1
US10538517,US20180155340A1
US10555944,US20190183886A1
US10556883,US20170247353A1
US10556885,US20230104155A1
US10556892,US20190177313A1
US10556900,US20180105518A1
US10556902,US20190055239A1
US10556908,US20190106426A1
US10556914,US20190367531A1
US10544150,US20200125564A1
US10550096,US20190062304A1
US10550102,US20190119254A1
US10550105,US20210024502A1
US10550114,US20180354941A1
US10550117,US20190119274A1
US10550118,US20230063643A1
US10550125,US20180305364A1
US10550127,US20200017515A1
US10550140,US20190048033A1
US10576064,US20160000764A1
US10576087,US20190000857A1
US10577308,US20180072656A1
US10577330,US20200199079A1
US10577336,US20180339971A1
US10577352,US20190016705A1
US10577353,US20180222890A1
US10577354,US20190169172A1
US10577360,US20190127357A1
US10577361,US20180297990A1
US10577363,US20170362217A1
US10577367,US20190248787A1
US10561655,US20190290649A1
US10561656,US20200138820A1
US10561657,US20190201403A1
US10561662,US20190070187A1
US10562844,US20180002275A1
US10562850,US20220098151A1
US10562853,US20190194132A1
US10562854,US20190055198A1
US10562861,US20200317623A1
US10562878,US20180230120A1
US10562882,US20170166553A1
US10562887,US20190152956A1
US10562888,US20200317645A1
US10562890,US20170233375A1
US10562891,US20230018702A1
US10562893,US20180319781A1
US10562900,US20170275291A1
US10562902,US20180244677A1
US10562910,US20190169203A1
US10562916,US20180037590A1
US10577368,US20180230150A1
US10577373,US20230056447A1
US10577374,US20240246988A1
US10577383,US20190177340A1
US10583137,US20180344729A1
US10583140,US20190030029A1
US10584098,US20200157053A1
US10584103,US20200354324A1
US10584104,US20180134670A1
US10584111,US20200172505A1
US10584114,US20240417386A1
US10584116,US20190023699A1
US10584120,US20200071312A1
US10584121,US20190194186A1
US10584127,US20220024937A1
US10584132,US20200239488A1
US10584134,US20180093997A1
US10584135,US20190194225A1
US10568874,US20220175746A1
US10568876,US20170273965A1
US10568884,US20230116233A1
US10568888,US20190336506A1
US10570077,US20160340279A1
US10570116,US20190092751A1
US10570118,US20190023686A1
US10570121,US20190040047A1
US10570123,US20210017166A1
US10570125,US20240092769A1
US10570140,US20220153747A1
US10570141,US20190300533A1
US10570155,US20190211032A1
US10570156,US20180072759A1
US10570167,US20180186827A1
US10610539,US20160143934A1
US10611727,US20190084927A1
US10611728,US20240150288A1
US10611730,US20190092735A1
US10611751,US20190322639A1
US10611766,US20180362533A1
US10611770,US20190177332A1
US10611777,US20190127391A1
US10590075,US20180362460A1
US10590077,US20190202784A1
US10590105,US20190185450A1
US10590109,US20190144427A1
US10590114,US20230227436A1
US10590130,US20240383895A1
US10590132,US20200239468A1
US10590139,US20190169193A1
US10590140,US20190144455A1
US10590106,US20180230128A1
US10610125,US20240071588A1
US10617654,US20200197332A1
US10617673,US20210023054A1
US10617676,US20230000833A1
US10617680,US20200163946A1
US10617692,US20190183899A1
US10617706,US20190240244A1
US10596172,US20190192512A1
US10596184,US20190060331A1
US10597366,US20200190031A1
US10597367,US20230113588A1
US10597377,US20220380337A1
US10597382,US20190062310A1
US10597383,US20190144428A1
US10597387,US20180186780A1
US10597399,US20180265516A1
US10618884,US20180044323A1
US10618886,US20200102289A1
US10618897,US20190071444A1
US10618900,US20180194767A1
US10618902,US20190218220A1
US10618903,US20190292191A1
US10618910,US20190233435A1
US10618912,US20240140964A1
US10618913,US20190185489A1
US10618914,US20200339602A1
US10618916,US20250084104A1
US10618929,US20200239514A1
US10603310,US20190000823A1
US10603320,US20200009139A1
US10603330,US20200246362A1
US10604489,US20220033394A1
US10604502,US20190023684A1
US10604504,US20230192645A1
US10604508,US20210009565A1
US10604514,US20190119263A1
US10604531,US20190092785A1
US10604534,US20190040081A1
US10604535,US20190112318A1
US10604536,US20180258104A1
US10632122,US20190358231A1
US10632126,US20190269693A1
US10632171,US20190216887A1
US10633345,US20250270171A1
US10633348,US20180194739A1
US10633373,US20180105515A1
US10633375,US20200199115A1
US10633379,US20240360124A1
US10633388,US20190270748A1
US10633389,US20230416263A1
US10633384,US20200207769A1
US10639284,US20180008554A1
US10639286,US20230218549A1
US10640486,US20180319771A1
US10640491,US20200207741A1
US10640495,US20180201607A1
US10640498,US20190055232A1
US10640503,US20190040058A1
US10640533,US20200087343A1
US10640534,US20240059733A1
US10646492,US20240216377A1
US10646575,US20190076541A1
US10647665,US20200239411A1
US10647686,US20190284143A1
US10647694,US20190256493A1
US10647700,US20190367482A1
US10647706,US20190225598A1
US10647708,US20170283407A1
US10647713,US20180134700A1
US10647719,US20180215765A1
US10647720,US20200190095A1
US10647727,US20180162874A1
WO2006061714,
US10653688,US20190125740A1
US10653701,US20200306259A1
US10654814,US20190284147A1
US10654831,US20200283406A1
US10654833,US20200002312A1
US10654835,US20220119372A1
US10654836,US20190161476A1
US10654853,US20190048008A1
US10654855,US20240109902A1
US10654856,US20190040072A1
US10654857,US20190144457A1
US10654860,US20190276466A1
US10654866,US20230234960A1
US10660876,US20180177761A1
US10660898,US20190255064A1
US10662156,US20190233376A1
US10662159,US20190152917A1
US10662184,US20190194184A1
US10662186,US20190010153A1
US10662187,US20190062328A1
US10662189,US20190177318A1
US10660877,US20190262311A1
US10667515,US20180139961A1
US10668033,US20170360730A1
US10668051,US20190160046A1
US10668067,US20190167682A1
US10668071,US20180344739A1
US10668094,US20200297748A1
US10668167,US20190262465A1
US10669227,US20240360068A1
US10669234,US20180194724A1
US10669235,US20190071399A1
US10669239,US20200239419A1
US10682352,US20190111056A1
US10683279,US20240376079A1
US10683287,US20200048236A1
US10683289,US20190337935A1
US10683290,US20180127413A1
US10683291,US20220227767A1
US10683294,US20180346471A1
US10683295,US20190023711A1
US10683309,US20200262847A1
US10669240,US20180127377A1
US10669243,US20190241529A1
US10669245,US20240336582A1
US10669246,US20190100500A1
US10669265,US20210115029A1
US10669267,US20190194180A1
US10669268,US20180118741A1
US10669271,US20250171443A1
US10669273,US20190112308A1
US10669276,US20190256517A1
US10669279,US20190322674A1
US10669285,US20200199155A1
US10669289,US20180179232A1
US10669296,US20170066791A1
US10688093,US20240041868A1
US10688100,US20190076437A1
US10689327,US20190337887A1
US10689339,US20180362461A1
US10689345,US20190322624A1
US10689346,US20250257040A1
US10689357,US20190345132A1
US10689362,US20190308949A1
US10689367,US20190300507A1
US10689369,US20190276438A1
US10689373,US20180282309A1
US10689376,US20190031655A1
US10689390,US20180282345A1
US10689395,US20180237453A1
US10689398,US20190002475A1
US10689399,US20190092787A1
US10689401,US20190016734A1
US10689414,US20190023737A1
US10689705,US20150307945A1
USRE48059,
US10695334,US20200054617A1
US10695337,US20230043959A1
US10695347,US20180338973A1
US10696638,US20190194137A1
US10696655,US20200399244A1
US10696660,US20210147391A1
US10696661,US20190062317A1
US10696665,US20190292175A1
US10696672,US20240043421A1
US10696678,US20180305363A1
US10696682,US20240109906A1
US10696689,US20230022513A1
US10696692,US20150104384A1
US10702498,US20190076398A1
US10702504,US20190209535A1
US10703733,US20250154116A1
US10703740,US20240425481A1
US10703741,US20190276432A1
US10703749,US20240116930A1
US10703751,US20190367512A1
US10703755,US20190169191A1
US10708263,US20180007043A1
US10675268,US20190269650A1
US10675284,US20240091234A1
US10675286,US20210000837A1
US10676431,US20210371378A1
US10676433,US20190161447A1
US10676434,US20200255377A1
US10676438,US20180346422A1
US10676446,US20200317624A1
US10676457,US20210024487A1
US10676458,US20190071412A1
US10676460,US20200255407A1
US10676465,US20190382388A1
US10676467,US20190002450A1
US10676469,US20190023700A1
US10676470,US20210017167A1
US10676476,US20200385389A1
US10676479,US20190233426A1
US10676485,US20190144465A1
US10676499,US20180002368A1
US10709688,US20190125726A1
US10709695,US20190247382A1
US10709709,US20190111060A1
US10709712,US20190175606A1
US10709718,US20180303856A1
US10709719,US20220331346A1
US10710967,US20200071280A1
US10710978,US20180111916A1
US10710980,US20200299265A1
US10710986,US20210053946A1
US10710994,US20190284179A1
US10711004,US20200002340A1
US10711006,US20190276461A1
US10711007,US20220177481A1
US10711020,US20190241588A1
US10711036,US20180251489A1
US10729680,US20190142812A1
US10729684,US20180369226A1
US10729691,US20190060314A1
US10729695,US20190374548A1
US10729710,US20240156851A1
US10730826,US20190210960A1
US10730830,US20190031605A1
US10730832,US20190330146A1
US10730833,US20180222861A1
US10730849,US20190337918A1
US10730850,US20190084959A1
US10730853,US20220380339A1
US10730856,US20160318905A1
US10730863,US20190127358A1
US10716791,US20180250307A1
US10717708,US20180327358A1
US10717733,US20190040007A1
US10717734,US20190119269A1
US10717737,US20210032244A1
US10717738,US20170305917A1
US10717742,US20180273541A1
US10717746,US20180093998A1
US10717764,US20240059733A1
US10730860,US20190135790A1
US10730865,US20190127360A1
US10730866,US20200361929A1
US10730868,US20190300520A1
US10730870,US20230203030A1
US10730874,US20190284182A1
US10730875,US20200361934A1
US10730877,US20200095247A1
US10730880,US20190177328A1
US10730881,US20190177329A1
US10730882,US20190292195A1
US10730889,US20210171545A1
US10730902,US20180327440A1
US10722489,US20190262303A1
US10722495,US20190076401A1
US10722597,US20190151468A1
US10723705,US20180244627A1
US10723709,US20220332690A1
US10723723,US20190248769A1
US10723734,US20240360131A1
US10723742,US20180354960A1
US10736883,US20190275008A1
US10736974,US20170333576A1
US10738007,US20190248744A1
US10738009,US20190248745A1
US10738015,US20200331864A1
US10738026,US20200407338A1
US10738048,US20220009921A1
US10738052,US20250223291A1
US10738053,US20180208601A1
US10738057,US20190152975A1
US10738063,US20190300546A1
US10738074,US20180230178A1
USRE48150,
US10751335,US20190055214A1
US10751339,US20190224197A1
US10752581,US20190276395A1
US10752588,US20190023656A1
US10752592,US20190218185A1
US10752596,US20190152926A1
US10752598,US20180354912A1
US10752604,US20190002425A1
US10752613,US20200339545A1
US10752615,US20190263790A1
US10752616,US20210130337A1
US10752623,US20200071313A1
US10752626,US20190256511A1
US10752631,US20190177333A1
US10752632,US20200095254A1
US10744104,US20230285340A1
US10744117,US20180369196A1
US10744125,US20190374530A1
US10744128,US20200155540A1
US10745364,US20190292159A1
US10745380,US20200039956A1
US10745383,US20190062308A1
US10745388,US20190256500A1
US10745392,US20200361927A1
US10745399,US20200325137A1
US10745401,US20250084090A1
US10745410,US20200055867A1
US10745420,US20190367536A1
US10758530,US20210186961A1
US10758539,US20230116686A1
US10758542,US20190365763A1
US10759766,US20220251049A1
US10759769,US20190248754A1
US10759777,US20240190837A1
US10759787,US20200354349A1
US10759788,US20190152958A1
US10759791,US20170275278A1
US10759792,US20170247374A1
US10759793,US20180162856A1
US10759794,US20190062326A1
US10759796,US20240150350A1
US10759799,US20190382402A1
US10759805,US20180319804A1
US10759813,US20220298173A1
US10759812,US20190352311A1
US10752635,US20190256520A1
US10772893,US20200383991A1
US10774051,US20200262796A1
US10774052,US20190375719A1
US10774053,US20210078959A1
US10774054,US20200369632A1
US10774056,US20190330169A1
US10774063,US20180305330A1
US10774065,US20180362496A1
US10774068,US20210061784A1
US10774069,US20200361901A1
US10774070,US20190359591A1
US10774071,US20210024494A1
US10774085,US20210002287A1
US10774092,US20190248806A1
US10774102,US20220289783A1
US10765676,US20190231777A1
US10766858,US20190112264A1
US10766864,US20180127375A1
US10766878,US20190144430A1
US10766881,US20190300511A1
US10766883,US20190330195A1
US10766884,US20220089580A1
US10766893,US20190194189A1
US10766894,US20210188842A1
US10766897,US20200347059A1
US10766902,US20190248795A1
US10766903,US20190256518A1
US10780078,US20190055208A1
US10780082,US20210046058A1
US10780090,US20230293522A1
US10780092,US20190307753A1
US10780095,US20190117668A1
US10781171,US20200148636A1
US10781180,US20190263757A1
US10781181,US20170305863A1
US10781182,US20190270711A1
US10781185,US20210198216A1
US10781200,US20210395221A1
US10781202,US20200002318A1
US10781204,US20210047319A1
US10781209,US20250145621A1
US10781211,US20200022977A1
US10781212,US20200071331A1
US10787419,US20180022705A1
US10787425,US20190016695A1
US10787434,US20200010451A1
US10787435,US20190375728A1
US10787436,US20190100511A1
US10787438,US20210309644A1
US10787450,US20190300528A1
US10787453,US20180298012A1
US10787457,US20190092776A1
US10787459,US20200079779A1
US10787472,US20200377535A1
US10787452,US20180072735A1
US10792283,US20210046075A1
US10793514,US20200095190A1
US10793528,US20230183184A1
US10793529,US20200385357A1
US10793535,US20210292289A1
US10793545,US20250034111A1
US10793549,US20190300506A1
US10793552,US20200262817A1
US10793556,US20230183222A1
US10793561,US20190023702A1
US10793563,US20250059190A1
US10793564,US20190276449A1
US10793565,US20210002276A1
US10793566,US20190276453A1
US10793567,US20220340560A1
US10793568,US20230139597A1
US10793574,US20190284194A1
US10793575,US20190359616A1
US10793576,US20190315758A1
US10793579,US20230339960A1
US10793580,US20190330223A1
US10793582,US20190233438A1
US10793591,US20230167151A1
US10799494,US20190151305A1
US10799507,US20200009147A1
US10799518,US20210000846A1
US10799605,US20170119913A1
US10800725,US20130289128A1
US10800739,US20220363636A1
US10800744,US20200115346A1
US10800746,US20190161453A1
US10800753,US20190256489A1
US10800755,US20230399308A1
US10800757,US20190169167A1
US10800761,US20190382380A1
US10800764,US20180346454A1
US10800765,US20190248770A1
US10800767,US20200062742A1
US10800768,US20190225601A1
US10800769,US20210047311A1
US10800774,US20190055240A1
US10800775,US20190135807A1
US10800776,US20190202827A1
US10800778,US20190202832A1
US10800779,US20190055250A1
US10800783,US20190135817A1
US10800784,US20240300952A1
US10800785,US20190161489A1
US10800786,US20200087307A1
US10800792,US20190284204A1
US10800804,US20200115410A1
USRE48253,
US10806718,US20210023056A1
US10806720,US20210161864A1
US10806724,US20220218676A1
US10806785,US20180177870A1
US10806794,US20180353609A1
US10807944,US20210009509A1
US10807952,US20180201580A1
US10807959,US20200055824A1
US10807966,US20190284157A1
US10807971,US20190345144A1
US10807974,US20220372028A1
US10807980,US20210238174A1
US10807982,US20200071332A1
US10807985,US20240317757A1
US10807986,US20190330214A1
US10807988,US20230303573A1
US10807989,US20230174540A1
US10807991,US20210130364A1
US10807993,US20200216461A1
US10807994,US20190106436A1
US10813930,US20190240220A1
US10813932,US20190192515A1
US10813942,US20190321382A1
US10815206,US20250034100A1
US10815208,US20200181115A1
US10815213,US20210002251A1
US10815215,US20230365524A1
US10815229,
US10815244,US20210002291A1
US10821115,US20200171043A1
US10822319,US20190284153A1
US10822331,US20190202818A1
US10822334,US20200317669A1
US10822338,US20180362530A1
US10822341,US20230045252A1
US10822342,US20190169198A1
US10822345,US20180051034A1
US10822348,US20190284203A1
US10822352,US20210269458A1
US10828290,US20200405702A1
US10828299,US20190388419A1
US10828300,US20190117650A1
US10828301,US20210267971A1
US10829438,US20210155576A1
US10829446,US20180222857A1
US10829448,US20210300869A1
US10829478,US20190315719A1
US10829480,US20230174520A1
US10829481,US20190352286A1
US10829483,US20200140423A1
US10829487,US20210009588A1
US10829490,US20210047328A1
US10829491,US20190292183A1
US10829492,US20190352306A1
US10829493,US20200325141A1
US10829496,US20200062777A1
US10829500,US20190352312A1
US10829502,US20210253601A1
US10829488,US20210002277A1
US10829489,US20200062756A1
US10835536,US20190015417A1
US10836720,US20190144386A1
US10836728,US20210101868A1
US10836741,US20210130321A1
US10836742,US20200024253A1
US10836743,US20190100507A1
US10836758,US20200048240A1
US10836763,US20210024517A1
US10836764,US20210214355A1
US10836768,US20240199618A1
US10836769,US20230148157A1
US10836773,US20200354370A1
US10842799,US20200078371A1
US10842803,US20190117679A1
US10844032,US20180312485A1
US10844038,US20200010442A1
US10844044,US20200102288A1
US10844056,US20230192687A1
US10844057,US20200071324A1
US10844062,US20190300531A1
US10844067,US20240116938A1
US10844069,US20240124463A1
US10844077,US20200165267A1
US10857082,US20210085580A1
US10858316,US20180208554A1
US10858323,US20210155593A1
US10858326,US20190144400A1
US10858342,US20200109131A1
US10858344,US20200017481A1
US10858355,US20210047312A1
US10858356,US20250092041A1
US10858359,US20190127378A1
US10858364,US20190345164A1
US10858362,US20210238182A1
US10858365,US20200331918A1
US10858366,US20200347072A1
US10858368,US20250282790A1
US10858373,US20190292203A1
US10849883,US20230218578A1
US10849898,US20200297727A1
US10849901,US20170189405A1
US10849982,US20240398959A1
US10851080,US20180179182A1
US10851082,US20180244654A1
US10851083,US20210078978A1
US10851089,US20190352287A1
US10851091,US20190263793A1
US10851092,US20210163464A1
US10851102,US20200231590A1
US10851105,US20190284187A1
US10851108,US20190127380A1
US10851110,US20230109858A1
US10851116,US20190382418A1
US10849881,US20180280352A1
US10851050,US20200239411A1
US10864201,US20200069663A1
US10864202,US20200108052A1
US10864248,US20170304392A1
US10865182,US20190152895A1
US10865186,US20180362468A1
US10865195,US20200017474A1
US10865206,US20210061803A1
US10865208,US20190382406A1
US10865384,US20170166867A1
US10864192,US20200016123A1
US10874634,US20210220326A1
US10874640,US20200061024A1
US10874669,US20190076426A1
US10874675,US20190282582A1
US10874683,US20190083520A1
US10874687,
US10875829,
US10875832,US20200010427A1
US10875847,US20200115367A1
US10875851,US20190352294A1
US10875852,US20190112302A1
US10875854,US20190194183A1
US10875863,US20210261554A1
US10875864,US20210238183A1
US10875867,US20230286993A1
US10869929,US20190030171A1
US10870618,US20190308932A1
US10870623,US20190185426A1
US10870625,US20190002413A1
US10870635,US20180201604A1
US10870639,US20200031806A1
US10870641,US20210024502A1
US10870651,US20190055248A1
US10870660,US20190161501A1
US10881652,US20220313676A1
US10881668,US20210093644A1
US10882829,US20210087154A1
US10882833,US20190233405A1
US10882835,US20210147373A1
US10882838,US20190185443A1
US10882844,US20190352280A1
US10882853,US20190248772A1
US10882855,US20210147403A1
US10882857,US20200002336A1
US10882859,US20200223843A1
US10882866,
US10888550,US20190381012A1
US10888561,US20210213011A1
US10888567,US20170224701A1
US10889546,US20180305317A1
US10889552,US20200010430A1
US10889555,US20200157066A1
US10889564,US20210230141A1
US10889568,US20210163449A1
US10889569,US20200017466A1
US10889571,US20200087283A1
US10889579,US20200062743A1
US10889581,US20200231585A1
US10889589,US20190270749A1
US10889591,US20210130366A1
US10889592,US20210047343A1
US10889595,US20190330236A1
US10889610,US20190315793A1
US10894038,US20200113876A1
US10894048,US20190183897A1
US10894052,US20190282584A1
US10894782,US20190185448A1
US10894784,US20190047980A1
US10894786,US20190308951A1
US10894788,US20210130340A1
US10894789,US20240400550A1
US10894794,
US10894797,US20210040122A1
US10894803,US20180265534A1
US10894807,US20240425547A1
US10898481,US20230135068A1
US10899735,US20190345131A1
US10899738,US20210198237A1
US10899741,US20190270724A1
US10899753,US20190382394A1
US10899755,US20210171518A1
US10899756,US20210130349A1
US10899764,US20180118750A1
US10899769,US20190308978A1
US10899772,US20200115383A1
US10899774,US20200115388A1
US10905687,US20210069182A1
US10905688,US20190282571A1
US10906878,US20190256475A1
US10906888,US20190315715A1
US10906890,US20190284173A1
US10906896,US20230159514A1
US10906900,US20190211011A1
US10906905,US20200055852A1
US10906915,US20200010477A1
US10906920,US20250084104A1
US10912773,US20190282572A1
US10912774,US20200206222A1
US10913710,US20190359563A1
US10913711,US20190185424A1
US10913733,US20180362517A1
US10913735,US20190367502A1
US10913740,US20200087303A1
US10913742,US20190284189A1
US10913745,US20180258095A1
US10913746,US20230312585A1
US10913753,US20200017525A1
US10918640,US20210267974A1
US10918642,US20200121686A1
US10918645,US20190307763A1
US10919843,US20210317070A1
US10919852,US20190135745A1
US10919856,US20190241520A1
US10919858,US20210171466A1
US10919859,US20190352266A1
US10919862,US20180215717A1
US10919869,US20190292162A1
US10919884,US20180186782A1
US10919885,US20190330198A1
US10919890,US20200244651A1
US10919895,US20200308175A1
US10919899,US20190367524A1
US10919901,US20200247811A1
US10919902,US20210277007A1
US10919911,US20190315767A1
US10919913,US20190169209A1
US10919914,US20190135833A1
US10925840,US20200197332A1
US10925881,US20170209461A1
US10927076,US20190337894A1
US10927079,US20200239419A1
US10927086,US20200095212A1
US10927105,
US10927106,US20190375742A1
US10927110,US20190218215A1
US10927111,US20210246135A1
US10927120,US20240109906A1
US10927123,US20210340154A1
US10927128,US20210115062A1
US10933063,US20190275037A1
US10934285,US20200002330A1
US10934288,US20240287059A1
US10934294,US20200140445A1
US10934296,US20230331729A1
US10934297,US20190263821A1
US10934302,
US10934303,US20190161490A1
US10934304,US20200207776A1
US10934305,US20200239488A1
US10934310,US20190276471A1
US10940139,US20200054614A1
US10941115,US20190330155A1
US10941129,US20190241531A1
US10941138,US20200087291A1
US10941146,US20240158402A1
US10941151,US20200283447A1
US10941160,US20240182490A1
US10941162,US20190330240A1
US10945978,US20200230090A1
US10945994,US20180125817A1
US10946017,US20190192514A1
US10946019,US20180311243A1
US10946023,US20240335448A1
US10947196,US20200308115A1
US10947203,US20200071281A1
US10947210,US20200255393A1
US10947215,US20230002353A1
US10947218,US20200299265A1
US10947222,US20190276443A1
US10947223,US20200207747A1
US10947226,US20210163475A1
US10947229,US20200071323A1
US10947230,US20210395246A1
US10947234,US20200361931A1
US10947239,US20180327408A1
US10947241,US20190241574A1
US10947243,US20190359620A1
US10947251,US20190300544A1
US10947252,US20220315604A1
US10947254,US20240132520A1
US10952992,US20230398100A1
US10952995,US20200000780A1
US10953005,
US10953012,US20120277224A1
US10954193,US20180258039A1
US10954214,US20180170909A1
US10954216,US20190337926A1
US10954217,US20210300903A1
US10954225,US20200115370A1
US10954228,US20190276448A1
US10954237,US20230063643A1
US10954240,US20180230152A1
US10954241,US20250236624A1
US10954243,US20210317122A1
US10954253,US20200017528A1
US10960005,US20200297727A1
US10961198,US20210300875A1
US10961200,US20240368087A1
US10961228,US20240208947A1
US10961232,US20230030414A1
US10961233,US20190352295A1
US10961236,US20210246130A1
US10961237,US20230147490A1
US10961241,US20240383895A1
US10961242,US20230123569A1
US10961247,US20200317673A1
US10961249,US20240300954A1
US10961252,US20190135825A1
US10961256,US20200002355A1
US10966980,US20160045508A1
US10966985,US20190151322A1
US10966987,US20210393641A1
US10967060,US20180333492A1
US10968163,US20190062261A1
US10968172,US20200131121A1
US10968188,US20200270222A1
US10968198,US20190276425A1
US10968199,US20200062727A1
US10968213,US20240317733A1
US10968215,US20190211010A1
US10968216,US20190375747A1
US10968221,US20200024277A1
US10968223,US20200347059A1
US10968227,US20190359615A1
US10968236,US20230391797A1
US10968242,US20230382932A1
US10973817,US20210275525A1
US10975030,US20220024869A1
US10975037,US20190382349A1
US10975049,US20200055819A1
US10975056,US20190194166A1
US10975057,US20190382373A1
US10975058,US20210147388A1
US10975062,US20200095234A1
US10975064,US20240217958A1
US10975066,US20180222899A1
US10975068,US20170313691A1
US10975075,US20200325137A1
US10975080,US20190185475A1
US10975081,US20200079777A1
US10975084,US20200048258A1
US10975091,US20200055868A1
US10980781,US20200078336A1
US10980794,US20210308121A1
US10980809,US20200061065A1
US10980815,US20200330477A1
US10981879,US20190031623A1
US10981881,US20200369632A1
US10981882,US20210107882A1
US10981887,US20200216406A1
US10981893,US20190263783A1
US10981896,US20250136580A1
US10981898,US20250092027A1
US10981899,US20200157084A1
US10981904,US20210246131A1
US10981905,US20220348570A1
US10981906,US20240067643A1
US10981910,US20240360131A1
US10981911,US20210206768A1
US10981914,US20200017501A1
US10981916,US20250136604A1
US10981917,US20190359617A1
US10981926,US20200109150A1
US10988451,US20250154116A1
US10987354,US20200085822A1
US10988445,US20200181084A1
US10988455,US20230021177A1
US10988458,US20240376079A1
US10988459,US20170008877A1
US10988462,US20240166632A1
US10988476,US20200239470A1
US10988478,
US10988481,US20190152982A1
US10988482,US20200062775A1
US10988487,US20200231606A1
US10988502,US20190225638A1
US10988507,US20190322704A1
US10988463,US20210309644A1
US10994015,US20240382599A1
US10995070,US20190135757A1
US10995072,US20200140392A1
US10995073,US20250223266A1
US10995084,US20200299273A1
US10995088,US20220372028A1
US10995089,US20210221809A1
US10995090,US20190388415A1
US10995099,US20200140454A1
US11000515,US20200054614A1
US11000525,US20240335446A1
US11000528,US20210369727A1
US11001555,US20190185427A1
US11001561,US20210179565A1
US11001563,US20200115352A1
US11001568,US20210238161A1
US11001572,US20200207745A1
US11001575,
US11001578,US20200361923A1
US11001583,US20200079767A1
US11001586,US20200062764A1
US11001595,US20200369680A1
US11001596,US20210230185A1
US11001600,US20180179236A1
USRE48547,
US11007200,US20210052594A1
US11008301,US20200207735A1
US11008304,US20190337923A1
US11008308,US20230018702A1
US11008312,US20190263794A1
US11008314,US20190375743A1
US11008336,US20200048279A1
US11008338,US20200216466A1
US11013718,US20220079917A1
US11013745,US20200261459A1
US11014905,US20230399308A1
US11014909,US20240317713A1
US11014911,US20240294506A1
US11014912,US20200017480A1
US11014913,US20210024502A1
US11014920,US20200262831A1
US11014923,US20220009921A1
US11014926,US20190330216A1
US11014929,US20200172545A1
US11014930,US20200270260A1
US11014963,US20180371016A1
US11020380,US20200163946A1
US11020381,US20200230123A1
US11020395,US20190290648A1
US11020397,US20200268757A1
US11020398,US20190358233A1
US11021454,US20190040029A1
US11021457,US20200071291A1
US11021463,US20200031800A1
US11021467,US20150361068A1
US11021475,US20250243193A1
US11021478,US20230257379A1
US11021481,US20210087190A1
US11021493,US20200231601A1
US11021511,US20190375781A1
US11021515,US20200339626A1
US11026923,US20210023056A1
US11026936,US20200253949A1
US11026937,US20190358216A1
US11026958,US20210077511A1
US11028041,US20210300872A1
US11028051,US20210188777A1
US11028054,US20200140395A1
US11028058,US20210292285A1
US11028064,US20190276423A1
US11028066,US20200172506A1
US11028067,US20200223819A1
US11028075,US20190263786A1
US11028080,US20190084975A1
US11028083,US20190270739A1
US11028085,US20210087189A1
US11028090,US20200039984A1
US11028092,US20200140445A1
US11028093,US20200291039A1
US11028101,US20200087320A1
US11028104,US20200262847A1
US11033539,US20210338653A1
US11033547,US20200281926A1
US11034658,US20190382350A1
US11034661,US20200102278A1
US11034670,US20220033380A1
US11034671,US20200283404A1
US11034678,US20240140937A1
US11034691,US20190300527A1
US11034692,
US11034694,US20210087189A1
US11034698,US20200123166A1
US11034699,US20210269452A1
US11034705,US20210040122A1
US11034715,US20230002437A1
US11034717,US20170101434A1
US11034991,US20190085372A1
US11040034,US20210322409A1
US11040966,US20190263797A1
US11040967,US20190337941A1
US11040968,US20200031823A1
US11040970,US20200131173A1
US11040979,US20200024280A1
US11040980,US20240174676A1
US11040984,US20200190107A1
US11041859,US20180143196A1
US11065231,US20220331297A1
US11065249,US20210100796A1
US11065253,US20240366614A1
US11066360,US20220098151A1
US11066363,US20210340102A1
US11066396,US20190185462A1
US11066404,US20200115378A1
US11066406,US20210340144A1
US11066409,US20210317125A1
US11066413,US20200048270A1
US11066365,US20190284138A1
US11066414,US20240254137A1
US11045448,US20200022953A1
US11045455,US20200147062A1
US11045457,US20200061041A1
US11046646,US20210147357A1
US11046649,US20200024236A1
US11046651,US20210114989A1
US11046652,US20200399223A1
US11046658,US20220411383A1
US11046662,US20190106395A1
US11046670,US20190077789A1
US11046671,US20200172513A1
US11046672,US20190337929A1
US11046675,US20200181125A1
US11046680,
US11046681,US20190144448A1
US11046682,US20190185472A1
US11046686,US20220402910A1
US11046689,US20200239468A1
US11046691,
US11046696,US20200270253A1
US11046698,US20230056447A1
US11046702,US20240352023A1
US11046710,US20200087321A1
US11046712,US20190367533A1
US11046713,US20200299307A1
US11046714,US20160214997A1
US11046725,US20210284678A1
US11071721,US20220339129A1
US11071729,US20220000856A1
US11071730,US20200171020A1
US11071788,US20200138970A1
US11072582,US20200347016A1
US11072607,US20180170927A1
US11072611,US20230022534A1
US11072617,US20190127382A1
US11072619,US20200199128A1
US11072626,US20200308213A1
US11072585,US20200115341A1
US20200361871,US20200361871A1
US11124497,
WO2021205290,
WO2021205298,
WO2021250648,
US11077100,US20230149382A1
US11077107,US20190240219A1
US11077111,US20200261461A1
US11077113,US20240050439A1
US11077128,US20200297748A1
US11078182,US20230295112A1
US11078186,US20200024257A1
US11078188,US20200031802A1
US11078192,US20190308957A1
US11078196,US20190308965A1
US11078197,US20220356179A1
US11078199,US20240092777A1
US11078201,US20210078997A1
US11078204,US20210395258A1
US11078205,US20220153747A1
US11078206,US20200299298A1
US11078214,US20200079788A1
US11078228,US20190389899A1
US11058676,US20200022972A1
US11058688,US20250127792A1
US11058696,US20220331346A1
US11059766,US20210300844A1
US11059784,US20210147361A1
US11059789,US20200071275A1
US11059792,US20180127380A1
US11059794,US20200002297A1
US11059801,US20200317635A1
US11059809,US20200172519A1
US11059811,US20200354349A1
US11083720,US20200016141A1
US11084784,US20180215707A1
US11084793,US20220153706A1
US11084798,
US11084800,US20230357199A1
US11084808,US20200199115A1
US11084809,US20200361923A1
US11084810,US20240092769A1
US11084821,US20200199126A1
US11084822,US20250129079A1
US11084823,US20210130358A1
US11084824,US20200199129A1
WO2021219089,
US11091444,US20200148648A1
US11091445,US20200277265A1
US11091451,US20190345119A1
US11091471,US20190300516A1
US11091472,US20220017507A1
US11091474,US20200291013A1
US11091476,US20210371418A1
US11091482,US20190308973A1
US11091484,US20200017497A1
US11091485,US20200270251A1
US11091488,US20200262838A1
US11091495,US20250282787A1
US11059818,US20200291015A1
US11059821,US20250145621A1
US11059822,US20220135563A1
US11059823,US20210340143A1
US11059824,US20250129077A1
US11059825,US20220127272A1
US11059827,US20190382410A1
US11059828,US20240109901A1
US11059830,US20250101031A1
US11059834,US20220119405A1
US11059842,US20200339619A1
US11059858,US20180371015A1
US11052087,US20200030327A1
US11052091,US20200000810A1
US11052093,US20250170138A1
US11053196,US20210300868A1
US11053197,US20200255377A1
US11053198,US20190270708A1
US11053207,US20190152932A1
US11053213,US20220002264A1
US11053215,US20200002309A1
US11053216,US20220000847A1
US11096924,US20220040149A1
US11096930,US20200230117A1
US11096942,US20200276194A1
US11098029,US20200255403A1
US11098031,
US11098034,US20200392123A1
US11098041,US20190233417A1
US11098044,US20200270246A1
US11098045,US20200317666A1
US11098046,US20200385386A1
US11098048,US20200216457A1
US11098058,US20190100530A1
US11098059,US20200354377A1
US11098060,US20200291042A1
US11098061,US20190135835A1
US11098063,US20200109155A1
US11053219,US20230391751A1
US11053225,US20200087286A1
US11053226,US20200165231A1
US11053238,US20210130345A1
US11053241,US20200172540A1
US11053242,US20200262834A1
US11053243,US20220356182A1
US11053244,
US11053246,US20200377504A1
US11053247,US20220041601A1
US11053250,US20200048261A1
US11053253,US20200002347A1
US11103510,US20240156818A1
US11104664,US20200262812A1
US11104665,US20200131151A1
US11104668,US20200207741A1
US11104670,US20200123140A1
US11104675,US20220041594A1
US11104676,US20200079770A1
US11104680,US20200102316A1
US11104682,US20200347065A1
US11104690,US20190330239A1
USRE48711,
US11123311,US20220202744A1
US11124486,US20200262796A1
US11124489,US20200255388A1
US11124490,US20200317626A1
US11124494,US20210078971A1
US11110088,US20200330461A1
US11110095,US20200046709A1
US11111233,US20190152954A1
US11111235,US20230227436A1
US11111237,US20240051951A1
US11111240,US20210047314A1
US11111242,US20250134869A1
US11111247,US20200095250A1
US11111252,US20200369681A1
US11111253,US20200339602A1
US11111270,US20220119444A1
US11124495,US20190276433A1
US11124496,US20210061785A1
US11124500,US20220017496A1
US11124509,US20200239462A1
US11124510,US20200199124A1
US11124511,US20250171443A1
US11124518,US20210317124A1
US11124523,US20200255444A1
US11124537,US20210395295A1
US11124538,US20240025942A1
US11116757,US20250120965A1
US11116764,US20190175586A1
US11117861,US20210371378A1
US11117874,US20240336582A1
US11117891,US20200062751A1
US11117892,US20200207756A1
US11117898,US20210380593A1
US11117900,US20200140441A1
US11117902,US20230234960A1
US11117865,US20190359573A1
US11141403,US20210346344A1
US11141410,US20210346364A1
US11141411,US20250268879A1
US11142505,US20190077766A1
US11142507,US20180362483A1
US11142520,US20200165233A1
US11142524,US20200039979A1
US11142525,US20200172539A1
US11142526,US20200255427A1
US11142527,US20200115381A1
US11142531,US20200102322A1
US11142535,US20200079795A1
US11129827,US20190282568A1
US11129828,US20200121678A1
US11130740,US20200165213A1
US11130745,US20230365524A1
US11130748,US20210380562A1
US11130750,US20200385367A1
US11130754,US20250042901A1
US11130759,
US11130767,US20250129098A1
US11130769,US20230010358A1
US11147801,US20220241246A1
US11147816,US20200046706A1
US11147820,US20240058353A1
US11147877,US20200246459A1
US11149006,US20200239416A1
US11149009,US20240300898A1
US11149013,US20200369628A1
US11149018,US20200157073A1
US11149020,US20220009905A1
US11149022,US20210188811A1
US11149023,US20200255402A1
US11149031,US20220204488A1
US11149037,US20200087304A1
US11149040,US20200308189A1
US11149049,US20200277321A1
US11149054,US20190248829A1
US11149056,US20200024300A1
US11149066,US20200131230A1
US11149067,US20200071360A1
US11149292,US20220259627A1
US11154544,US20200016135A1
US11155532,US20210024487A1
US11155544,US20190345159A1
US11155546,US20200223846A1
US11155556,US20190106424A1
US11155557,US20190345165A1
US11155558,US20240360136A1
US11160797,US20200360357A1
US11161815,US20220119348A1
US11161835,US20200339545A1
US11161838,US20200148671A1
US11161839,US20210206756A1
US11161844,US20200039977A1
US11161848,US20220281869A1
US11161849,US20200392136A1
US11161850,US20200031835A1
US11161852,US20230416259A1
US11161854,US20210188863A1
US11161855,US20240228508A1
US11161864,US20200131209A1
US11135207,US20190328720A1
US11135210,US20220175746A1
US11136296,US20200031775A1
US11136311,US20190359598A1
US11136312,US20200165230A1
US11136315,US20200339549A1
US11136320,US20220119386A1
US11136324,US20210032249A1
US11136325,US20220169653A1
US11136326,US20200181151A1
US11136327,US20200087312A1
US11136328,US20220024937A1
US11136329,US20200369669A1
US11136333,US20190389874A1
US11136336,US20210107918A1
US11136337,US20210040113A1
US11136340,US20240124492A1
US11166942,US20200101047A1
US11166958,US20210393644A1
US11168069,US20200024255A1
US11168070,US20200399244A1
US11168075,US20220024900A1
US11168080,US20200131172A1
US11168082,US20200157091A1
US11168083,US20240199602A1
US11168088,US20200039983A1
US11168089,US20190375752A1
US11168090,US20220119396A1
US11168093,US20200199148A1
US11168095,US20190359634A1
US11168102,
US10988505,US20190337981A1
WO2022043374,
US11173144,US20200237724A1
US11173161,US20200129518A1
US11173162,US20200306256A1
US11174219,US20210155576A1
US11174232,US20220098156A1
US11174244,US20230104155A1
US11174245,US20200377476A1
US11174248,US20210188818A1
US11174250,US20190119264A1
US11174252,US20190248774A1
US11174254,US20200048248A1
US11174262,US20200079784A1
US11174264,US20200231594A1
US11174268,US20210171537A1
US11185100,US20180255813A1
US11185537,US20200016143A1
US11186544,US20200123108A1
US11186554,US20200062721A1
US11186566,US20220306606A1
US11186576,US20220281871A1
US11186577,US20190048013A1
US11186578,US20210070758A1
US11186579,US20200031834A1
US11186580,US20220112198A1
US11186582,US20200095256A1
US11186587,US20200165265A1
US11186588,US20210130367A1
US11186589,US20210032267A1
US11186590,US20230022513A1
US11179370,US20210023054A1
US11179389,US20200390760A1
US11179397,US20220241281A1
US11179399,US20220175788A1
US11180455,US20220033394A1
US11180460,US20230312483A1
US11180471,US20190367478A1
US11180482,US20190382379A1
US11180484,US20220002275A1
US11180494,US20240270742A1
US11180502,US20180134707A1
US11180503,US20200123154A1
US11191732,US20220370371A1
US11191762,US20190290647A1
US11191765,US20160235755A1
US11192850,US20210309606A1
US11192859,US20190194136A1
US11192861,US20250270171A1
US11192880,US20200325119A1
US11192893,US20200148687A1
US11192900,US20200140459A1
USRE48841,
US11197867,US20200330477A1
US11197877,US20240165139A1
US11198681,US20210188810A1
US11198691,US20200199116A1
US11198695,US20200291025A1
US11198699,US20220048922A1
US11202743,US20200297606A1
US11203571,US20160152561A1
US11203574,US20230100082A1
US11203586,US20210155610A1
US11203591,US20240287061A1
US11203594,US20200331909A1
US11203595,US20210188842A1
US11203600,US20200087319A1
US11203601,US20220112216A1
WO2022064009,
WO2022070068,
WO2022070069,
WO2022070071,
WO2022076764,
WO2022076495,
WO2022076496,
US11207298,US20230000833A1
US11207302,US20240173303A1
US11207312,US20200281913A1
US11207325,US20230033320A1
US11207431,US20240148915A1
US11208377,US20240400501A1
US11208381,US20210114982A1
US11208384,US20220177430A1
US11208388,US20200172495A1
US11208399,US20200361898A1
US11208400,US20230065629A1
US11208403,US20200010458A1
US11208404,US20220089582A1
US11208411,US20200291030A1
US11208414,US20200087310A1
US11208415,US20230039309A1
US11208416,US20220153747A1
US11208418,US20200392146A1
US11208422,US20200140461A1
US11208423,US20220177495A1
US11208696,US20190211401A1
US11213515,
US11213520,US20190290637A1
US11213525,US20210077488A1
US11214540,US20240409509A1
US11214542,US20210009520A1
US11214548,US20220306586A1
US11214554,US20210094924A1
US11214557,US20200148653A1
US11214563,US20200392113A1
US11214565,US20180327391A1
US11214566,US20200399254A1
US11214573,US20200079783A1
US11214574,US20220177481A1
US11214576,US20210070766A1
US11219618,US20220218688A1
US11220486,US20200290977A1
US11220494,US20220089580A1
US11220505,US20240300953A1
US11220508,US20210230163A1
US11220509,US20250282787A1
US11220510,US20190337957A1
US11220518,US20220089613A1
US11220524,US20210130388A1
US11224601,
US11225469,US20180105508A1
US11225475,US20220340558A1
US11225479,US20220340560A1
US11225486,US20240228498A1
US11225492,US20180370991A1
WO2022079616,
WO2022081807,
WO2022081842,
WO2022081973,
WO2022086828,
US11229631,US20200405702A1
US11229636,US20220125780A1
US11230523,US20220081401A1
US11230524,US20190241504A1
US11230530,US20250257040A1
US11230534,US20220073477A1
US11230539,US20210009565A1
US11230547,US20200392144A1
US11234987,US20190358241A1
US11236045,US20200140382A1
US11236046,US20200048197A1
US11236052,US20220153705A1
US11236068,US20250059163A1
US11236069,US20220106293A1
US11236079,US20210163467A1
US11236089,US20220227755A1
US11236092,US20200247803A1
US11236095,US20240109902A1
US11236096,US20200270261A1
US11236047,US20200207711A1
WO2022013684,
WO2022021841,
US11241393,US20210346305A1
US11241428,US20200138808A1
US11241438,US20240423991A1
US11242312,US20210317075A1
US11242333,US20220153724A1
US11242337,US20250263401A1
US11242342,US20190367506A1
US11242343,US20240383889A1
US11242344,US20210309660A1
US11242345,US20200109144A1
US11242347,US20220169655A1
US11242349,US20220127275A1
US11242350,US20220106323A1
US11242351,US20210053978A1
US11242361,US20220298181A1
US11247972,US20200223803A1
US11247981,US20200247779A1
US11247983,US20220119372A1
US11247985,US20220112179A1
US11247986,US20190315729A1
US11247989,US20190241558A1
US11247990,
US11247992,US20210032244A1
US11248000,US20200165262A1
US11248001,US20220220122A1
US11248003,US20210147439A1
US11248006,US20200377520A1
US11248013,US20230027257A1
US11253514,US20190160055A1
US11253516,US20220249482A1
US11253521,US20200237763A1
US11254644,US20200207721A1
US11254663,US20220135550A1
US11254667,US20220213094A1
US11254668,US20200172537A1
US11254669,US20220289737A1
US11254670,US20220169648A1
US11254676,US20210009591A1
US11254683,US20220177481A1
US11254686,
US11260049,US20210299113A1
US11261170,US20200277277A1
US11261183,US20200002326A1
US11261184,US20200291020A1
US11261185,US20210002278A1
US11261186,US20170349594A1
US11261190,US20200283445A1
US11261191,US20250223291A1
US11261211,US20200048300A1
US11266632,
US11266643,US20230044941A1
US11267803,US20210347762A1
US11267806,US20200140419A1
US11267808,US20210171511A1
US11267810,US20200207751A1
US11267811,US20210147408A1
US11267815,US20200347061A1
US11267818,US20210002287A1
US11267820,US20200339595A1
US11267823,US20240279238A1
US11267824,US20200216467A1
US11273153,US20180289684A1
US11274074,US20200087250A1
US11274090,US20210115008A1
US11274091,US20220194922A1
US11274095,US20200317651A1
US11274098,US20200325132A1
US11274105,US20210047344A1
US11274108,US20190016707A1
US11278534,US20240316021A1
US11279687,US20200283403A1
US11279688,US20240417386A1
US11279697,US20200262827A1
US11279699,US20200190080A1
US11279702,US20240101558A1
US11279703,US20200095252A1
US11279712,US20200247821A1
US11279719,US20190367542A1
US11285140,US20230043959A1
US11285156,US20190374542A1
US11285226,US20200078476A1
US11286249,US20220169636A1
US11286263,US20220281891A1
US11286268,
US11291655,US20200129484A1
US11291667,US20190381048A1
US11292766,US20200115399A1
US11292767,US20220251047A1
US11292781,US20220135534A1
US11292782,US20200199098A1
US11292786,US20230002358A1
US11292789,US20220119381A1
US11292791,US20240150349A1
US11292792,US20200010468A1
US11292799,US20210070769A1
WO2022090481,
WO2022091056,
WO2022093820,
WO2022093856,
WO2022093881,
WO2022098806,
US11299457,US20200270210A1
US11299473,US20190315717A1
US11299488,US20200165237A1
US11299490,US20200354354A1
US11299492,US20220306624A1
US11299493,US20190106427A1
US11299497,US20200385400A1
US11299480,US20190389844A1
US11304929,US20220008386A1
US11304949,US20190328739A1
US11304957,US20200306259A1
US11306071,US20220298142A1
US11306075,US20210130335A1
US11306078,US20200385373A1
US11306079,US20200331903A1
US11306081,US20210147407A1
US11306087,US20240287068A1
US11306096,US20210221813A1
US11306098,US20200317677A1
US11306105,US20200199150A1
US11311520,US20210085656A1
US11311527,US20250082628A1
US11311528,US20210052573A1
US11311541,US20220395501A1
US11312688,US20200308119A1
US11312693,US20220332690A1
US11312704,US20240270721A1
US11312705,US20210032224A1
US11312709,US20220213076A1
US11312711,US20210122743A1
US11312712,US20250230157A1
US11312713,US20210355117A1
US11312716,US20220213103A1
US11312719,US20210107904A1
US11312722,US20200354373A1
US11312723,US20220213114A1
US11312726,US20210017190A1
US11312727,
WO2022098807,
WO2022098809,
WO2022098970,
WO2022101184,
WO2022101377,
WO2022103411,
WO2022104345,
WO2022104348,
US11318134,US20200339605A1
US11319287,US20200231542A1
US11319304,US20200165232A1
US11319326,US20200331926A1
US11319327,US20250282790A1
US11319329,US20230097422A1
US11324749,US20200129517A1
US11325884,US20250270162A1
US11325902,US20200361927A1
US11325905,US20200148675A1
US11325906,US20220227768A1
US11325908,US20200385383A1
US11325916,
US11325917,US20210047343A1
US11325921,US20210024547A1
US11325938,US20240124512A1
US11332451,US20250034100A1
US11332453,US20210206735A1
US11332464,US20210017167A1
US11332473,US20230118115A1
US11332479,US20200131199A1
US11332492,US20210253621A1
US11337935,US20230105307A1
US11337971,US20240408084A1
US11337973,US20200375986A1
US11337976,US20170157120A1
US11339122,US20210171454A1
US11339144,US20210238165A1
US11339149,US20220194931A1
US11339151,US20220073506A1
US11339157,
US11339160,US20210040085A1
US11339167,US20200308177A1
US11339170,
USRE49080,
US11344533,US20240189281A1
US11344546,US20210009543A1
US11344549,US20210077489A1
US11344553,US20210315899A1
US11345666,US20190382354A1
US11345676,US20200048218A1
US11345678,US20210371393A1
US11345679,US20210032219A1
US11345681,
US11345695,US20190276446A1
US11345699,US20200157095A1
US11345701,
US11345702,
US11351149,US20220062232A1
US11351168,
US11351170,US20210128555A1
US11352322,US20200308110A1
US11352329,US20210078959A1
US11352330,US20200339522A1
US11352339,US20220177451A1
US11352340,US20220227736A1
US11352354,US20200165246A1
US11352356,US20200317667A1
US11352360,US20200031832A1
US11352361,US20250243202A1
US11352363,US20220162217A1
US11358933,US20240279173A1
US11358936,US20210171465A1
US11358948,US20230038512A1
US11358953,US20220073499A1
US11358971,US20220213117A1
US11364220,US20210220326A1
US11364246,US20200383988A1
US11364248,US20200360399A1
US11365181,US20220227721A1
US11365185,US20200231568A1
US11365186,US20240425481A1
US11365189,US20200354343A1
US11365191,US20250092024A1
US11365192,US20210122741A1
US11365196,US20210130353A1
US11365202,US20210101907A1
US11365204,US20220281889A1
US11365205,US20210002299A1
US11369599,US20150148331A1
US11369605,US20250177395A1
US11369611,US20230116686A1
US11370764,US20250034100A1
US11370770,US20200399241A1
US11370774,US20230072867A1
US11370779,US20200270229A1
US11370784,US20210284631A1
US11370786,US20240360121A1
US11370795,US20250019381A1
US11370796,US20210363144A1
US11370798,US20250223292A1
US11370803,US20220298176A1
WO2022109117,
WO2022109182,
WO2022129953,
US11375716,US20200214289A1
US11376246,US20200108060A1
US11376258,US20210369723A1
US11376260,US20210106593A1
US11377423,US20180072671A1
US11377428,US20250034100A1
US11377431,US20220356160A1
US11377438,US20200140411A1
US11377439,US20220267306A1
US11377464,US20220289783A1
US11377469,US20220259253A1
US11384048,US20220315525A1
US11384065,US20210107894A1
US11384066,
US11384069,US20200071303A1
US11384083,US20200392139A1
US11384090,US20220162216A1
US11384096,US20240400578A1
US11389438,US20220409600A1
US11389445,US20210046069A1
US11389456,US20200390778A1
US11389464,US20200246362A1
US11390584,US20200181086A1
US11390609,US20190276440A1
US11390610,US20200299277A1
US11390618,US20210130340A1
US11390624,US20200270244A1
US11390625,US20200207768A1
US11390631,
US11396495,US20200377461A1
US11396496,US20210017135A1
US11396502,US20200148667A1
US11396506,US20200123151A1
US11396508,US20210094948A1
US11396512,US20220324872A1
US11396516,US20210163495A1
US11401255,US20230128765A1
US11401256,US20250084055A1
US11401258,US20200407338A1
US11401259,US20220348553A1
US11401260,US20210179582A1
US11401270,US20200299297A1
US11401272,US20200392143A1
US11401274,US20210147437A1
US11401278,US20210292341A1
US11401279,US20210094976A1
US11401280,US20210253601A1
US11401286,US20230348501A1
US11401295,US20210340169A1
US11406624,US20190343814A1
US11406640,US20220331325A1
US11406644,US20250288595A1
US11406645,US20210093644A1
US11406649,US20200171058A1
US11407721,US20180354918A1
US11407736,US20240368119A1
US11407737,US20220340543A1
US11407738,US20240199583A1
US11407740,US20210221796A1
US11407749,US20210347771A1
US11407750,US20250276970A1
US11407754,US20210188854A1
US11407757,US20210009597A1
US11407760,US20200399285A1
US11407771,US20210214378A1
US11413242,US20230139250A1
US11414384,US20210061762A1
US11414387,US20230113570A1
US11414395,US20200231563A1
US11414402,US20200172518A1
US11414404,US20200407344A1
US11414410,US20200239458A1
US11414413,US20190270740A1
US11414416,
US11414418,US20210053972A1
US11414428,US20220411438A1
US11414431,US20230110996A1
US11414433,US20250084104A1
US11407763,US20210155634A1
US11407768,US20220340599A1
US11419869,US20200352942A1
US11419874,US20200345744A1
US11420935,US20200347009A1
US11420936,US20220380302A1
US11420940,US20220363636A1
US11420955,US20220380339A1
US11420958,US20210087174A1
US11420959,US20210040069A1
US11420966,US20200347053A1
US11420968,US20240376104A1
US11420970,
US11420973,US20200331920A1
US11420975,US20220144843A1
US11420976,US20210238188A1
US11420984,US20230365599A1
US11426364,US20230117425A1
US11426393,US20240358691A1
US11426411,US20210060023A1
US11426412,US20200237771A1
US11427553,US20200369633A1
US11427558,
US11427559,US20210087166A1
US11427560,US20210061784A1
US11427561,US20210188809A1
US11427563,US20200102290A1
US11427567,US20250243183A1
US11427578,
US11427581,US20210070754A1
US11427590,US20200190089A1
US11427591,US20200123165A1
US11427593,US20200354371A1
US11427604,US20220017549A1
US11433053,US20200345700A1
US11433071,US20240216377A1
US11434232,US20200399260A1
US11434233,US20210047311A1
US11434240,US20210047319A1
US11434248,US20210130366A1
US11434249,
US11434250,US20200262845A1
US11439633,US20230149382A1
US11439641,US20200338073A1
US11440884,US20210122713A1
US11440886,US20200377460A1
US11440887,US20200190034A1
US11440899,US20210214339A1
US11440904,US20200190068A1
US11440913,US20200277296A1
US11440914,US20200347067A1
US11440915,US20200317681A1
US11440916,US20210230171A1
US11440918,US20240182486A1
US11440922,US20200347078A1
US11440923,US20230112244A1
US11446301,US20210046075A1
US11447465,US20230071620A1
US11447469,US20210047300A1
US11447477,US20210198247A1
US11447480,US20210284634A1
US11447484,US20210047315A1
US11447487,US20210155618A1
US11447490,US20210032242A1
US11447493,US20210053969A1
US11447494,US20200347066A1
US11447497,US20210277014A1
US11447504,US20210277022A1
US11447505,
US11447517,US20220017558A1
US11452717,US20230116770A1
US11453663,US20220073507A1
US11453668,US20230063643A1
US11453672,US20210107906A1
US11453673,US20200399277A1
US11453677,US20200347072A1
US11453681,US20230183262A1
US11453683,
US11453689,US20220017550A1
US11453690,US20210054007A1
US11453697,
US11458135,US20190125743A1
US11458138,US20230190751A1
US11458140,US20200289516A1
US11458149,
US11459295,US20230039244A1
US11459296,US20230060011A1
US11459307,US20210198216A1
US11459308,US20190292165A1
US11459309,US20200361901A1
US11459315,US20210230148A1
US11459321,US20210139475A1
US11459329,US20240309008A1
US11459333,US20210040100A1
US11459335,US20250101037A1
US11459336,US20200392155A1
US11459337,US20210269459A1
US11459339,US20210032270A1
US11459340,US20210380604A1
US11464802,US20200323904A1
US11465981,US20200325115A1
US11465982,US20230022770A1
US11465984,US20200247781A1
US11466003,US20210300916A1
US11466005,US20220119390A1
US11466007,US20250084090A1
US11466016,US20210107908A1
US11466017,US20230109858A1
US11466027,US20210002292A1
US11466033,US20200308193A1
US11466034,US20200385408A1
US11466047,US20200062798A1
WO2021069705,
WO2022056448,
WO2022092141,
WO2022094012,
WO2022109573,
WO2022109580,
WO2022112139,
WO2022112140,
WO2022112188,
WO2022112205,
WO2022112207,
WO2022112919,
WO2022115301,
US11471430,US20210275473A1
US11471446,US20190111034A1
US11471458,US20210100796A1
US11472769,US20210147360A1
US11472776,US20240158357A1
US11472782,US20250034100A1
US11472787,US20200247776A1
US11472788,US20200317638A1
US11472791,US20210017156A1
US11472793,US20240270721A1
US11472795,US20210053956A1
US11472802,US20200339579A1
US11472805,US20230002386A1
US11472809,US20230045252A1
US11472810,US20210238182A1
US11472811,US20210198267A1
US11472815,US20210017189A1
US11472816,US20210230184A1
US11472826,US20200392169A1
US11472830,US20180162899A1
US11472838,US20210147478A1
WO2022263472,
US11478451,
US11478460,US20230115912A1
US11478464,
US11478467,US20200261442A1
US11478474,US20240398791A1
US11478558,US20230147035A1
US11479532,US20210269397A1
US11479533,US20200165206A1
US11479538,US20200095221A1
US11479539,US20230121578A1
US11479543,US20230057341A1
US11479550,US20210163466A1
US11479551,US20230054883A1
US11479552,US20220017517A1
US11479553,US20210009594A1
US11479555,US20210061807A1
US11479559,US20200399284A1
US11479560,US20240174685A1
US11484525,US20210052548A1
US11485700,US20210253509A1
US11485707,US20210070711A1
US11485708,US20210002229A1
US11485711,US20210047277A1
US11485727,US20230100516A1
US11485731,US20200325128A1
US11485736,US20210115049A1
US11485738,US20250282787A1
US11485745,US20210171545A1
US11498896,US20230143552A1
US11498919,US20210122745A1
US11498926,US20210188872A1
US11498930,US20210053989A1
US11491140,US20210023056A1
US11491146,US20180369217A1
US11491148,US20200352925A1
US11491158,US20230107393A1
US11492341,US20200157076A1
US11492346,US20230174522A1
US11492348,US20230265086A1
US11492351,US20210079003A1
US11492354,US20210002288A1
US11492357,US20200308188A1
US11492367,US20190375782A1
US11492374,US20210403505A1
US11492375,US20200291069A1
US11504364,US20230144841A1
US11504367,US20210052586A1
US11504368,US20210052587A1
US11504381,
US11505523,US20190322617A1
US11505526,US20200131125A1
US11505527,
US11505532,US20210198220A1
US11505536,US20220298137A1
US11505546,US20240239776A1
US11510915,US20210177826A1
US11512059,US20240208914A1
US11512066,US20230073334A1
US11512074,US20230138863A1
US11512080,US20200347045A1
US11512083,US20230203030A1
US11512087,US20190315756A1
US11492361,US20240051972A1
WO2022208262,
WO2022224223,
WO2023003973,
WO2023004291,
WO2023001061,
WO2023285347,
WO2023287730,
WO2023288015,
US11517561,US20210046058A1
US11517570,US20230158023A1
US11518754,US20200010447A1
US11518759,
US11518761,US20210032240A1
US11518764,US20200331921A1
US11518767,US20200317683A1
US11518772,US20210040122A1
US11518779,US20210206795A1
US11524940,
US11524941,US20220064126A1
US11524942,US20230183183A1
US11524945,US20230127636A1
US11524956,US20210047303A1
US11524959,
US11524961,US20190382408A1
US11524962,US20230174539A1
US11524968,US20210171544A1
US11529321,US20200170966A1
US11529347,US20190307745A1
US11529356,US20200383991A1
US11530180,US20210171455A1
US11530183,US20200299237A1
US11530193,US20210269417A1
US11530195,
US11530197,US20230116632A1
US11530198,US20200407345A1
US11530199,US20230115836A1
US11530200,US20210047302A1
US11530208,US20170275281A1
US11530209,US20200317664A1
US11530210,US20230045960A1
US11530213,US20210284635A1
US11530214,US20210395246A1
US11530216,US20220204504A1
US11530219,US20230312575A1
US11530229,US20240409555A1
US11530237,US20240368213A1
US11530244,US20210284694A1
USRE49340,
US11534436,US20210000818A1
US11534441,US20220323438A1
US11534443,US20210128559A1
US11535596,US20220064122A1
US11535598,US20210355089A1
US11535599,US20230202991A1
US11535607,US20210253555A1
US11535611,US20210009571A1
US11535614,US20210238174A1
US11535615,US20230100875A1
US11535621,US20240368167A1
US11535622,US20230257386A1
US11535629,US20220275000A1
US11541023,US20210046026A1
US11541041,
US11541049,US20210052576A1
US11541059,US20210000837A1
US11542240,US20200199081A1
US11542242,US20200377465A1
US11542246,US20200369646A1
US11542247,US20230203011A1
US11542249,US20200290997A1
US11542251,US20210230144A1
US11542254,US20210171502A1
US11542259,US20240043414A1
US11542261,US20220235042A1
US11542265,US20210371425A1
US11542266,
US11542273,US20210284654A1
US11542274,
US11542275,US20210002298A1
US11542283,US20210214377A1
US11542290,US20250034193A1
US11542293,US20240209017A1
US11542297,US20240368213A1
WO2023019327,
WO2023288027,
WO2023288264,
US11547687,US20230285340A1
US11547695,US20220079917A1
US11547697,US20230321050A1
US11547712,US20200306257A1
US11548860,US20200247764A1
US11548866,
US11548872,US20230286945A1
US11548883,US20230123569A1
US11548890,
US11548892,
US11548896,US20250236624A1
US11548900,US20210040114A1
US11548901,US20210053988A1
US11548903,US20200199153A1
USRE49361,
US11554118,US20210107903A1
US11554172,US20210015930A1
US11555009,US20200079727A1
US11555012,US20200148634A1
US11555013,US20210130288A1
US11555039,US20230143583A1
US11559515,US20230218578A1
US11559537,US20230372372A1
US11559538,US20230148402A1
US11560366,US20210115010A1
US11560368,US20240376079A1
US11560370,
US11560374,US20230234949A1
US11560376,US20210017171A1
US11560377,US20230192687A1
US11560381,
US11560385,US20210115057A1
US11564920,US20230025065A1
US11564928,
US11564930,US20230310454A1
US11565996,US20210032198A1
US11566003,US20210163417A1
US11566007,US20240400523A1
US11566013,
US11566026,US20210002276A1
US11566028,US20210115053A1
US11571420,US20230135068A1
US11572337,US20210017126A1
US11572344,US20220009887A1
US11572353,US20210332027A1
US11572354,US20210053942A1
US11572362,US20200071333A1
US11572366,US20210221819A1
US11572368,US20160347761A1
US11572371,US20200255450A1
US11572374,US20220363694A1
US11576897,US20210299099A1
US11576906,US20190350919A1
US11578054,US20210094932A1
US11578058,US20220259184A1
US11578061,US20220324845A1
US11578066,
US11578077,US20200039997A1
US11578078,US20250092057A1
US11578080,US20210395267A1
US11578084,US20210040117A1
US11583516,US20230390241A1
US11583532,US20210038603A1
US11583538,US20210015829A1
US11584714,US20250129020A1
US11584726,US20210347745A1
US11584728,US20210206736A1
US11584732,US20240092754A1
US11584735,US20210171496A1
US11584745,US20210032241A1
US11584746,US20210040088A1
US11584747,US20240400563A1
US11584748,US20250282780A1
US11584755,US20220227780A1
US11584756,US20210002293A1
US11584758,US20210317135A1
US11590126,US20200338071A1
US11590142,US20210008078A1
US11591301,US20210047281A1
US11591313,US20230183212A1
US11591316,US20230227436A1
US11591318,US20250206726A1
US11591319,US20220242854A1
US11591322,US20220289725A1
US11591326,US20200399261A1
US11591328,US20200399265A1
US11591329,US20210009582A1
US11591331,US20230128041A1
US11591336,US20200172546A1
US11591338,US20240124463A1
US11591342,US20200369676A1
US11591353,US20230118872A1
US11596632,US20230172939A1
US11596633,US20240058341A1
US11596639,US20230330099A1
US11596692,
US11597728,US20240327410A1
US11597733,US20210115065A1
US11597738,US20240317782A1
US11597739,US20210155645A1
US11597746,US20230287034A1
US11603372,US20210122752A1
US11603374,US20200339589A1
US11603377,US20220332727A1
US11603523,US20230407285A1
US11607396,US20220339129A1
US11608309,US20240360068A1
US11608319,US20220363645A1
US11608330,US20220372028A1
US11608332,US20220024913A1
US11608337,US20210017175A1
US11608338,US20210198257A1
US11608342,US20250206748A1
US11608347,US20210024546A1
US11612596,US20200253950A1
US11612599,US20210186958A1
US11612603,
US11612606,US20200108075A1
US11613525,US20250092009A1
US11613527,US20220048894A1
US11613531,US20200199109A1
US11613532,US20220098182A1
US11613536,US20220089588A1
US11613546,US20250188089A1
US11613556,US20250179112A1
US11617738,US20210196684A1
US11618744,US20210078978A1
US11618753,US20200347071A1
US11622967,US20210213026A1
US11623921,US20230192645A1
US11623923,US20210371395A1
US11623929,US20240018156A1
US11623932,US20230115184A1
US11629130,US20210323926A1
US11629136,US20230105696A1
US11629145,US20200062760A1
US11629146,US20250163068A1
US11629147,US20200331918A1
US11629154,US20210238194A1
US11629156,US20210206780A1
US11632953,US20190320655A1
US11633395,US20230210850A1
US11633403,US20240050439A1
US11633415,US20220096513A1
US11634391,US20210171475A1
US11634395,US20200399235A1
US11634396,US20220356157A1
US11634404,US20210323941A1
US11634410,US20210309644A1
US11634416,US20200385381A1
US11634418,US20240043421A1
US11634419,US20250034131A1
US11634424,US20230017858A1
US11634425,US20220324873A1
US11634426,US20230234960A1
US11638707,US20210015822A1
US11639351,US20220348570A1
US11639355,US20210230164A1
USRE49517,
US11642336,US20210330658A1
US11642348,US20240165121A1
US11642413,US20230346955A1
US11643395,US20210363108A1
US11643396,US20200407328A1
US11643400,US20250154116A1
US11643403,US20230013143A1
US11643416,US20250270226A1
US11643417,US20240116943A1
US11643436,US20210139537A1
US11648234,US20210161864A1
US11648243,US20220313676A1
US11648254,US20230064360A1
US11649218,US20210101872A1
US11649227,US20230286960A1
US11649229,US20210115034A1
US11649231,US20210292314A1
US11649233,US20210070750A1
US11649235,US20230271961A1
US11649237,US20200354367A1
US11649240,US20230312585A1
US11649241,US20210179626A1
US11649247,US20210230185A1
US11649248,US20210115062A1
US11649255,US20220098193A1
US11654147,US20230000869A1
US11655217,US20230219897A1
US11655221,US20240336582A1
US11655239,US20220274962A1
US11655242,US20200407347A1
US11655243,US20210115027A1
US11655249,US20230257379A1
US11655252,US20220002301A1
US11655254,US20230382916A1
US11660293,US20220331299A1
US11660306,US20190247408A1
US11661410,US20230002351A1
US11661418,US20210171512A1
US11661419,US20210188829A1
US11661422,US20220064165A1
US11661423,US20240116938A1
US11661426,US20240376117A1
US11661427,US20220112202A1
US11661431,US20230365594A1
US11666558,US20230398100A1
US11666594,US20250205270A1
US11667615,US20240336582A1
US11667631,US20190276451A1
US11667634,US20210246135A1
US11667635,US20220009921A1
US11667637,US20220289737A1
US11667638,US20240287073A1
US11667643,US20230265100A1
US11667644,US20240109901A1
US11667645,US20200369673A1
US11667652,US20250197421A1
US11667673,US20240059733A1
US11672785,US20240131013A1
US11672788,US20210379032A1
US11673864,US20210047271A1
US11673868,US20230312483A1
US11673870,US20210087154A1
US11673871,US20240336582A1
US11673881,US20230104155A1
US11673883,US20210017164A1
US11673884,US20230365543A1
US11673886,US20220356179A1
US11673888,US20210009589A1
US11673893,US20230242543A1
US11673894,US20210139485A1
US11673897,US20210032263A1
US11673901,US20240101577A1
US11673876,US20240083868A1
US11679110,US20250205237A1
US11680049,US20240336582A1
US11680056,US20220402892A1
US11680060,US20220056017A1
US11680068,US20250243202A1
USRE49556,
US11684616,US20240197703A1
US11685719,US20230382864A1
US11685721,US20250270171A1
US11685729,US20210122736A1
US11685732,US20230357208A1
US11685734,US20210188827A1
US11685738,US20240092775A1
US11685744,US20230357265A1
US11685745,US20220267351A1
US11690850,US20210154204A1
US11691947,US20240150288A1
US11691950,US20210300874A1
US11691960,US20220144796A1
US11691962,US20240059670A1
US11691963,US20230265075A1
US11691965,US20230065496A1
US11691968,US20230271952A1
US11691969,US20210130342A1
US11691971,US20210395251A1
US11691975,US20220135563A1
US11691977,US20230286993A1
US11691981,US20210017187A1
US11691985,US20220119405A1
US11691989,US20220340595A1
US11696916,US20220362244A1
US11696917,US20200061067A1
US11697636,US20210061760A1
US11697648,US20210188844A1
US11697650,US20220289745A1
US11701354,US20200253969A1
US11701360,US20210401844A1
US11701371,US20230103498A1
US11701373,US20220331346A1
US11702392,US20210179565A1
US11702401,US20220000847A1
US11702409,US20220363670A1
US11702411,US20240067636A1
US11702414,US20220402910A1
US11702415,US20240025897A1
US11702416,US20250145621A1
US11702418,US20210188857A1
US11702424,US20230339960A1
US11707471,US20230103498A1
US11707539,US20230330275A1
US11708326,US20210147356A1
US11708332,US20230100082A1
US11708347,US20220356166A1
US11708351,US20230357199A1
US11708359,US20210253565A1
US11708364,US20210221809A1
US11708366,US20250092042A1
US11708367,US20230374024A1
US8168651,US20120208792A1
US9701664,US20170037036A1
US10053457,US20180009799A1
US10774086,US20190276463A1
US11713304,US20230365524A1
US11713306,US20210017159A1
US11713307,US20210130325A1
US11713315,US20210024517A1
US11713320,US20220402921A1
US11713321,US20230416259A1
US11713327,US20210300947A1
US10624871,US20190201370A1
US10626094,US20170247340A1
US10626095,US20160229816A1
US10626096,US20180282289A1
US10626103,US20190194161A1
US10626107,US20190194168A1
US10626108,US20180258074A1
US10626112,US20160332999A1
US10626113,US20140329804A1
US10626144,US20170298097A1
US11717500,US20210236441A1
US11718589,US20200095206A1
US11718603,US20240294506A1
US11718605,US20210115025A1
US11718609,US20210130338A1
US11718611,US20200216442A1
US11718612,US20210094951A1
US11718613,US20210002277A1
US11718616,US20220306624A1
US11718618,US20240010647A1
US11718619,US20210300927A1
US11718622,US20230382917A1
US11723908,US20230293533A1
US11723929,US20210145891A1
US11724989,US20250257039A1
US11724992,US20230416211A1
US11725000,US20210309647A1
US11725001,US20240051951A1
US11725004,US20240092769A1
US11725005,US20230159514A1
US11725010,US20230116403A1
US11725011,US20230234959A1
US11731934,US20210009509A1
US11731943,US20210179564A1
US11731944,US20240025860A1
US11731954,US20210238161A1
US11731956,US20230391751A1
US11731958,US20240150326A1
US11731972,US20210206766A1
US11731973,US20200317679A1
US11731974,US20240199618A1
US117390,
US11739078,US20240092765A1
US11739089,US20220106312A1
US11739090,US20220324864A1
US11739093,US20200017511A1
US11744824,US20220087985A1
US117448,
US11746103,US20220315563A1
US117461,
US11746110,US20210269448A1
US11746113,US20210300937A1
US9714230,US20170275266A1
US10040779,US20180305336A1
US9604961,US20160002201A1
US9617242,US20180305336A1
US10173996,US20170158664A1
US10174003,US20180118720A1
US10174026,US20190092771A1
US9725441,US20210009520A1
US10208039,US20180162857A1
US9828343,US20210009520A1
US10231957,US20180271843A1
US10611763,US20250066355A1
US10807956,US20210009520A1
US10815234,US20250066355A1
US11535616,US20250066355A1
US11639333,US20160115131A1
US20230271964,US20230271964A1
US20230271966,US20230271966A1
US20230271968,US20230271968A1
US20230277505,US20230277505A1
US20230277527,US20240216361A1
US20230277534,US20250195516A1
US20230277570,US20230277570A1
US20230278969,US20240336582A1
US20230278983,US20230278983A1
US20230278993,US20230278993A1
US20230278996,US20230278996A1
US20230278998,US20230278998A1
US20230279001,US20230279001A1
US20230279008,US20230279008A1
US20230279020,
US20230279023,US20250101037A1
US20230279024,US20230279024A1
US20230279025,US20230279025A1
US20230280220,US20230280220A1
US20230278981,US20240150314A1
US11752138,US20230372308A1
US11752149,US20210161889A1
US11752155,US20240207273A1
US11753371,US20230174474A1
US11753403,US20220356178A1
US20230285340,US20230285340A1
US20230285377,US20230285377A1
US20230285393,US20230285393A1
US20230286923,US20230286923A1
US20230286925,US20230286925A1
US20230286943,US20230286943A1
US20230286945,US20230286945A1
US20230286948,US20230286948A1
US20230286956,US20230286956A1
US20230286958,US20230286958A1
US20230286960,US20230286960A1
US20230286970,US20230286970A1
US20230286978,US20230286978A1
US20230286979,US20230286979A1
US202302870,
US20230287003,US20230287003A1
US11759530,US20190083650A1
US11760752,US20200299285A1
US11760761,US20230065527A1
US11760775,US20210040144A1
US20230293517,US20230293517A1
US20230293519,US20230293519A1
US20230295110,US20230295110A1
US20230295119,US20230295119A1
US20230295130,US20230295130A1
US20230295140,US20230295140A1
US20230295142,US20230295142A1
US20230295157,US20230295157A1
US20230295159,US20230295159A1
US20230295166,US20230295166A1
US20230295171,US20230295171A1
US20230295181,US20230295181A1
US20230295182,US20230295182A1
US20230295213,US20230295213A1
US11767305,US20250188049A1
US11767310,US20230127127A1
US11767323,US20220002299A1
US11767332,US20250122226A1
US20230303494,US20230303494A1
US20230303497,US20230303497A1
US20230303506,US20230303506A1
US20230303513,US20230303513A1
US20230303540,US20230303540A1
US20230303547,US20230303547A1
US20230303553,US20230303553A1
US20230303556,US20230303556A1
US20230303557,US20230303557A1
US20230303562,US20230303562A1
US20230303563,US20230303563A1
US20230303564,US20230303564A1
US20230303581,US20230303581A1
US20230303584,US20230303584A1
US11771711,US20250222013A1
US117730,
US11773085,US20240150328A1
US20230312476,US20230312476A1
US20230312504,US20230312504A1
US20230312522,US20230312522A1
US20230312528,US20230312528A1
US20230312529,US20230312529A1
US20230312542,US20230312542A1
US20230312556,US20230312556A1
US20230312571,US20240391920A1
US20230312576,US20230312576A1
US20230312580,US20230312580A1
US20230312582,US20230312582A1
US20230312583,US20230312583A1
US20230312587,US20230312587A1
US20230312601,US20230312601A1
US20230312605,US20230312605A1
US11780812,US20210094916A1
US117808,
US11780842,US20230406858A1
US11780845,US20230192709A1
US11780849,US20230002406A1
US11780852,US20240132520A1
US11780854,US20230192723A1
US20230321042,US20230321042A1
US20230321108,US20230321108A1
US20230322706,US20230322706A1
US20230322715,US20230322715A1
US20230322721,US20230322721A1
US20230322745,US20230322745A1
US20230322747,US20230322747A1
US20230322756,US20230322756A1
US20230322767,US20230322767A1
US20230322769,US20230322769A1
US20230322788,US20230322788A1
US20230322789,US20230322789A1
US20230322792,US20230322792A1
US20230322822,US20230322822A1
US20230322846,
US11786528,US20210251995A1
US11786535,
US11786608,US20210138086A1
US11787766,US20200392083A1
US11787775,US20230054741A1
US11787780,US20230032612A1
US11787781,US20230416236A1
US11787784,US20220162195A1
US11787791,US20210387975A1
US11787792,US20210276990A1
US11787796,US20210078999A1
US11787798,US20240092781A1
US11787802,US20240109889A1
US11787810,US20210363147A1
US11787812,US20220194948A1
US20230331674,US20230331674A1
US20230331675,US20230331675A1
US20230331683,US20230331683A1
US20230331719,US20230331719A1
US20230331734,US20230331734A1
US20230331739,US20230331739A1
US11793797,US20240415824A1
US11793823,US20240180945A1
US11795159,US20220411401A1
US11795165,US20220380358A1
US11795169,US20240199621A1
US11795171,US20220033403A1
US11795173,US20230348473A1
US20230338337,US20230338337A1
US20230339856,US20230339856A1
US20230339863,US20230339863A1
US20230339882,US20230339882A1
US20230339890,US20230339890A1
US20230339896,US20230339896A1
US20230339891,US20230339891A1
US20230339900,US20230339900A1
US20230339915,US20230339915A1
US20230339939,US20230339939A1
US20230339978,US20230339978A1
US20230339981,US20230374036A1
US20230339952,US20240208975A1
US20230340011,US20230340011A1
US11802108,US20210238130A1
US11802110,US20200039929A1
US11802111,US20240208902A1
US11802122,US20230312528A1
US11802128,US20230203033A1
US11802131,US20240199638A1
US11802133,US20240150373A1
US20230348371,US20230348371A1
US20230348398,US20230348398A1
US20230348415,US20230348415A1
US20230348421,US20230348421A1
US20230348424,US20230348424A1
US20230348426,US20230348426A1
US20230348442,US20230348442A1
US20230348450,US20230348450A1
US20230348453,US20230348453A1
US20230348456,US20230348456A1
US20230348459,US20230348459A1
US20230348462,US20230348462A1
US20230348467,US20230348467A1
US20230348473,US20230348473A1
US20230348487,US20230348487A1
US20230348495,US20230348495A1
US20230349907,US20230349907A1
US10081622,US20220144813A1
US9616059,US20220144813A1
US8822457,US20140194413A1
US11806404,US20210252161A1
US11807606,US20200290964A1
US11807624,US20210246118A1
US11807635,US20240059681A1
US11807646,US20210070773A1
US11807649,US20230159557A1
US20230357139,US20240425450A1
US20230357219,US20230357219A1
US20230357239,US20230357239A1
US20230357241,US20230357241A1
US20230357248,US20230357248A1
US20230357253,US20230357253A1
US20230357269,US20230357269A1
US20230357271,US20230357271A1
US11814367,US20240246939A1
US11814384,US20240182467A1
US11814386,US20240132499A1
US11814388,
US11814391,US20220380380A1
US20230364057,US20230364057A1
US20230364079,US20230364079A1
US20230365488,US20230365488A1
US20230365530,US20230365530A1
US20230365537,US20230365537A1
US20230365541,US20230365541A1
US20230365546,US20230365546A1
US20230365554,US20230365554A1
US20230365556,US20230365556A1
US20230365558,US20230365558A1
US20230365568,US20230365568A1
US20230365583,US20230365583A1
US20230365584,US20230365584A1
US20230365590,US20230365590A1
US20230365627,US20230365627A1
US11826430,US20200360523A1
US11826435,US20210052752A1
US11827644,US20230227464A1
US20230381148,US20230381148A1
US20230382863,US20230382863A1
US20230382869,US20230382869A1
US20230382870,US20230382870A1
US20230382871,US20230382871A1
US20230382889,US20230382889A1
US20230382904,US20230382904A1
US20230382911,US20230382911A1
US20230382915,US20230382915A1
US20230382916,US20230382916A1
US20230382919,US20230382919A1
US20230382923,US20230382923A1
US11833156,US20200276206A1
US11834414,US20220363642A1
US11834430,US20210130317A1
US11834432,US20200172510A1
US11834435,US20240067628A1
US11834440,US20250163031A1
US11834453,US20240124474A1
US11834458,US20240352027A1
US11834467,US20220098219A1
US20230390247,US20230390247A1
US20230390272,US20230390272A1
US20230390274,US20230390274A1
US20230390287,US20230390287A1
US20230391714,US20230391714A1
US20230391736,US20230391736A1
US20230391748,US20230391748A1
US20230391758,US20230391758A1
US20230391761,US20230391761A1
US20230391768,
US20230391770,US20230391770A1
US20230391775,US20230391775A1
US20230391781,US20230391781A1
US20230391786,US20230391786A1
US11839613,US20210113559A1
US11840513,US20250059176A1
US11840531,US20210246138A1
US11840533,US20220289742A1
US11840535,US20210284646A1
US11839663,US20240100198A1
US11840523,US20220153720A1
US11840546,US20210388003A1
US20230399296,US20230399296A1
US20230399314,US20230399314A1
US20230399319,US20230399319A1
US20230399327,US20230399327A1
US20230399332,US20230399332A1
US20230399342,US20230399342A1
US20230399418,US20230399418A1
US11844801,US20240197732A1
US11845723,US20240400568A1
US11845724,US20240262792A1
US11845730,US20240308965A1
US11845740,US20240116898A1
US11845759,US20210061815A1
US11845767,US20220227791A1
US20230405002,US20230405002A1
US20230406840,US20230406840A1
US20230406856,US20230406856A1
US11851426,US20210107901A1
US11851434,US20220119396A1
US11851436,US20230029430A1
US20230414581,US20230414581A1
US20230414596,US20230414596A1
US20230414632,US20230414632A1
US20230414794,US20230414794A1
US20230416221,US20230416221A1
US20230416237,US20230416237A1
US20230416245,US20230416245A1
US20230416258,US20230416258A1
US20230416268,US20230416268A1
US20230416271,US20230416271A1
US11857552,US20200345736A1
US11857560,US20240173345A1
US11858905,
US11858926,US20230147490A1
US11858945,US20230159545A1
US11858959,US20240209019A1
US11859014,US20210395300A1
US20240000767,US20240000767A1
US20240002326,US20240002326A1
US20240002339,US20240002339A1
US20240002365,US20240002365A1
US20240002372,US20240002372A1
US20240002377,US20240002377A1
US20240002380,US20240002380A1
US20240002387,US20240002387A1
US20240002388,US20240002388A1
US20240002391,US20240002391A1
US20240002393,US20240002393A1
US20240002394,US20240002394A1
US20240002404,US20240002404A1
US11866405,US20240182479A1
US11866416,US20210115007A1
US11866429,US20210130347A1
US11866430,US20210277004A1
US11866436,US20230250097A1
US11866450,US20240368189A1
US20240009175,
US20240010634,US20240010634A1
US20240010642,US20240010642A1
US20240010639,US20240010639A1
US20240010658,US20240010658A1
US20240010684,US20240010684A1
US11872217,US20210008049A1
US11873290,
US11873292,US20190210998A1
US11873304,US20210261555A1
US20240016777,US20240016777A1
US20240016795,US20240016795A1
US20240016810,US20240016810A1
US20240018122,US20240018122A1
US20240018124,US20240018124A1
US20240018135,US20240018135A1
US20240018138,US20240018138A1
US20240018140,US20240018140A1
US20240018147,US20240018147A1
US20240018151,US20240018151A1
US20240018153,US20240018153A1
US20240018157,US20240018157A1
US20240018158,US20240018158A1
US11878965,US20230090053A1
US11878973,US20230046859A1
US20240024403,US20240024403A1
US20240025883,US20240025883A1
US20240025884,US20240025884A1
US20240025892,US20240025892A1
US20240025893,US20240025893A1
US20240025899,US20240025899A1
US20240025900,US20240025900A1
US20240025908,US20240025908A1
US20240025912,US20240025912A1
US20240025919,US20240025919A1
US20240025922,US20240025922A1
US11884660,US20210147414A1
US11884671,US20210171525A1
US11884682,US20210403484A1
US11352350,US20210323952A1
US20240033256,US20240033256A1
US20240033264,US20240066031A1
US20240033370,US20240033370A1
US20240034717,US20240034717A1
US20240034727,US20240034727A1
US20240034729,
US20240034730,US20240034730A1
US20240034731,US20240034731A1
US20240034736,US20240034736A1
US20240034737,US20240034737A1
US20240034743,
US11890279,US20250248990A1
US11890288,US20240390387A1
US11890356,US20240148915A1
US11891378,US20240287039A1
US11891386,US20230145074A1
US11891387,US20240228484A1
US11891388,US20240383889A1
US11701353,US20240041868A1
US10869871,US20230285402A1
US20230285402,US20230285402A1
US20240043392,US20240043392A1
US20240043395,US20240043395A1
US20240043403,US20240043403A1
US20240043404,US20250019364A1
US20240043405,US20240043405A1
US20240043417,US20240043417A1
US20240043418,US20240043418A1
US20240043427,US20240043427A1
US20240043439,US20240043439A1
US20240043440,US20240043440A1
US20240043442,US20240043442A1
US20240043448,US20240043448A1
US20240043470,US20240043470A1
US10239868,US20240425487A1
US10287274,US20240425487A1
US10676464,US20240425487A1
US11046688,US20220402912A1
US11124504,US20240343719A1
US11192871,US20200223810A1
US11247971,US20240368087A1
US11345716,US20210009607A1
US11427601,
US11718626,US20210300934A1
US20240050571,US20240050571A1
US20240050576,US20230149550A1
US20240051936,US20240051936A1
US20240051939,US20240051939A1
US20240051952,US20240051952A1
US20240051954,US20240051954A1
US20240051955,US20240051955A1
US20240051956,US20240051956A1
US20240051958,US20240051958A1
US20240051978,US20240051978A1
US11903935,US20240238264A1
US11903936,US20230056202A1
US11905230,US20210122704A1
US11905244,US20210139423A1
US11905258,US20230002331A1
US11905273,US20230322725A1
US11905274,US20210395231A1
US11905306,US20230192733A1
US20240058315,US20240058315A1
US20240058343,US20240058343A1
US20240058459,US20250242037A1
US20240059655,US20240059655A1
US20240059675,US20240059675A1
US20240059676,US20240059676A1
US20240059682,US20240059682A1
US20240059691,US20240059691A1
US20240059694,US20240059694A1
US20240059700,US20240059700A1
US20240059703,US20240059703A1
US20240059704,US20240059704A1
US20240059711,US20240059711A1
US20240059728,US20240059728A1
US10815241,US20250177395A1
US11912660,US20210323919A1
US11912663,US20230124784A1
US11912668,US20220274934A1
US11912678,US20210323936A1
US11912681,US20230257360A1
US11912682,US20240083869A1
US11912686,US20230212151A1
US11912693,US20230234946A1
US11912703,US20220348576A1
US11912714,US20230151019A1
US11912716,US20210188865A1
US11912737,US20210139531A1
US20240066136,US20240066136A1
US20240067625,US20240067625A1
US20240067631,US20240067631A1
US20240067633,US20240067633A1
US20240067637,US20240067637A1
US20240067645,US20240067645A1
US20240067660,US20240067660A1
US20240072809,US20250213699A1
US11918568,US20240285597A1
US11918581,US20240293411A1
US11919855,US20240376050A1
US11919887,US20250197381A1
US11919896,US20210155621A1
US11919901,US20230021684A1
US11919904,US20200399273A1
US11919918,US20220389039A1
US20240076297,US20240076297A1
US11926614,US20210269419A1
US11926616,US20240400541A1
US11926628,US20230116253A1
US20240083857,US20240083857A1
US20240083872,US20240083872A1
US20240083873,US20240083873A1
US20240083879,US20240083879A1
US20240083885,US20240083885A1
US20240083888,US20240083888A1
US20240083890,US20240083890A1
US20240083896,US20240083896A1
US20240083897,US20240083897A1
US20240083900,US20240083900A1
US20240083904,US20240083904A1
US20240083908,US20240083908A1
US20240083917,US20240083917A1
US20240083921,US20240083921A1
US11932606,US20230192621A1
US20240091200,US20240091200A1
US20240091210,US20240091210A1
US20240092758,US20240092758A1
US20240092759,US20240092759A1
US20240092761,US20240092761A1
US20240092770,US20240092770A1
US20240092773,US20240092773A1
US20240092774,US20240092774A1
US20240092784,US20240092784A1
US20240092795,US20240092795A1
US20240092799,US20240092799A1
US20240092802,US20240092802A1
US20240092803,US20240092803A1
US20240092819,US20240092819A1
US11938127,US20240245672A1
US20240101531,US20240101531A1
US20240101536,US20240101536A1
US20240101538,US20240101538A1
US20240101542,US20240101542A1
US20240101544,US20240101544A1
US20240101548,US20240101548A1
US20240101551,US20240101551A1
US20240101552,US20240101552A1
US20240101559,US20240101559A1
US20240101561,US20240101561A1
US20240101566,US20240101566A1
US20240101572,US20240101572A1
US20240101589,US20240101589A1
US11944614,US20210236474A1
US11944616,US20220280498A1
US11945784,US20240287004A1
US20240108654,US20240108654A1
US20240109853,US20240109853A1
US20240109861,US20240109861A1
US20240109865,US20240208941A1
US20240109877,US20240109877A1
US20240109879,US20240109879A1
US20240109880,US20240109880A1
US20240109890,US20240109890A1
US20240109893,US20240109893A1
US20240109898,US20240109898A1
US20240109900,US20240109900A1
US20240109912,US20240109912A1
US20240109913,US20240109913A1
US20240109915,US20240109915A1
US20240109917,US20240109917A1
US20240109930,US20240109930A1
US11952364,US20220388983A1
US11952377,US20220242862A1
US20240115574,US20240115574A1
US20240115577,US20240115577A1
US20240115682,US20250090646A1
US20240116873,US20240116873A1
US20240116877,US20240116877A1
US20240116885,US20240116885A1
US20240116892,US20240116892A1
US20240116893,US20240116893A1
US20240116898,US20240116898A1
US20240116909,US20240116909A1
US20240116910,US20240116910A1
US20240116912,US20240116912A1
US20240116918,US20240116918A1
US20240116922,US20240116922A1
US20240116926,US20240116926A1
US20240116946,US20250042915A1
US20240116947,US20240116947A1
US20240116948,US20240116948A1
US20240118263,US20240118263A1
US11957661,US20240358680A1
US11957671,US20240252478A1
US11957687,US20240299402A1
US11958831,US20210340124A1
US11958846,US20210323956A1
US11958865,
US11958871,US20200392174A1
US20240122876,US20240122876A1
US20240122941,US20240122941A1
US20240124427,US20240124427A1
US20240124434,US20240124434A1
US20240124439,US20240124439A1
US20240124450,US20240124450A1
US20240124454,US20240124454A1
US20240124456,US20240124456A1
US20240124469,US20240124469A1
US20240124478,US20240124478A1
US20240124479,US20240124479A1
US20240124483,US20240124483A1
US20240124487,US20240124487A1
US11963959,US20230065024A1
US11963960,US20210299128A1
US11964949,US20200148651A1
US11964950,US20230002333A1
US11964953,US20230139936A1
US11964973,US20210188845A1
US11964978,US20220306641A1
US11964990,US20230234971A1
US20240131013,US20240131013A1
US20240131036,US20240131036A1
US20240132445,US20240132445A1
US20240132463,US20240132463A1
US20240132473,US20240132473A1
US20240132477,US20240132477A1
US20240132480,US20240132480A1
US20240132489,US20240132489A1
US20240132491,US20240132491A1
US20240132503,US20240132503A1
US20240132514,US20240132514A1
US20240132517,US20240132517A1
US20240132519,US20240132519A1
US20240132525,US20240132525A1
US11970463,US20230110122A1
US20240139189,US20240139189A1
US20240139326,US20240139326A1
US20240140931,US20240140931A1
US20240140933,US20240140933A1
US20240140938,US20240140938A1
US20240140952,US20240140952A1
US20240140953,US20240140953A1
US20240140962,US20240140962A1
US20240140975,US20240140975A1
US20240140979,US20240140979A1
US20240139197,US20240139197A1
US20240140980,US20240140980A1
US11974987,US20240299365A1
US11974991,
US11976059,US20210332029A1
US20240148821,US20240148821A1
US20240150287,US20240150287A1
US20240150293,US20240150293A1
US20240150297,US20240150297A1
US20240150300,US20240150300A1
US20240150321,US20240150321A1
US20240150334,US20240150334A1
US20240150335,US20240150335A1
US20240150347,US20240150347A1
US20240150358,US20240150358A1
US20240150366,US20240150366A1
US20240150367,US20240150367A1
US20240150369,US20250270226A1
US20240150370,US20240150370A1
US20240150372,US20240150372A1
US20240150396,US20240150396A1
US11980598,US20210077431A1
US11980631,US20210275552A1
US11981669,US20210332043A1
US11981671,US20230002376A1
US11981680,US20220064180A1
US11981682,US20240010658A1
US11981696,US20210017205A1
US20240158355,US20240158355A1
US20240158357,US20240158357A1
US20240158367,US20240158367A1
US20240158368,US20240158368A1
US20240158369,US20240158369A1
US20240158379,US20240158379A1
US20240158383,US20240158383A1
US20240158394,US20240158394A1
US20240158406,US20240158406A1
US20240158408,US20240158408A1
US20240158413,US20240158413A1
US20240158414,US20240158414A1
US20240158438,US20240158438A1
US11987556,US20230174482A1
US11987588,US20220396579A1
US20240165139,US20240165139A1
US20240165276,US20240165276A1
US20240166598,US20240166598A1
US20240166618,US20240166618A1
US20240166622,US20240166622A1
US20240166635,US20240166635A1
US20240166639,US20240166639A1
US20240166642,US20240166642A1
US20240166643,US20240166643A1
US20240166645,US20240166645A1
US20240166646,US20240166646A1
US20240166651,US20240166651A1
US20240166660,US20240166660A1
US20240166665,US20240166665A1
US20240166680,US20240166680A1
US11992481,US20220249456A1
US11992490,US20210113566A1
US11992535,US20210236663A1
US11993596,US20240294526A1
US11993600,US20230174531A1
US11993603,US20220048914A1
US20240173303,US20240173303A1
US20240173316,US20240173316A1
US20240173440,US20240173440A1
US20240174621,US20240174621A1
US20240174633,US20240174633A1
US20240174647,US20240174647A1
US20240174649,US20240174649A1
US20240174650,US20240174650A1
US20240174652,US20240174652A1
US20240174662,US20240174662A1
US20240174674,US20240174674A1
US20240174679,US20240174679A1
US20240174690,US20250002504A1
US20240174692,US20240174692A1
US20240174696,US20240174696A1
US11998539,US20230201186A1
US11999676,US20200290948A1
US11999723,US20230057076A1
US20240180886,US20240180886A1
US20240182406,US20240182406A1
US20240182453,US20240417394A1
US20240182466,US20240182466A1
US20240182482,US20240182482A1
US20240182487,US20240182487A1
US20240182503,US20240182503A1
US12011433,US20210023055A1
US12011444,US20220175775A1
US12012394,US20190256492A1
US12012467,US20200109167A1
US20240197735,US20240197735A1
US20240199525,US20240199525A1
US20240199535,US20240199535A1
US20240199555,US20240199555A1
US20240199558,US20240383866A1
US20240199561,US20240199561A1
US20240199571,US20240199571A1
US20240199576,US20240199576A1
US20240199605,US20240199605A1
US20240199616,US20240199616A1
US20240199618,US20240199618A1
US20240199625,US20240199625A1
US20240199630,US20240199630A1
US20240199635,US20240199635A1
US20240199644,US20240199644A1
US20240199649,US20240199649A1
US20240199677,US20240199677A1
US12016863,US20210244740A1
US12017994,US20240417377A1
US12018014,US20220098174A1
US12018027,US20220204508A1
US20240207238,US20240207238A1
US20240207249,US20240207249A1
US20240207263,US20240207263A1
US20240207267,US20240207267A1
US20240207292,US20240207292A1
US20240207300,US20240207300A1
US20240208909,US20240208909A1
US20240208932,US20240208932A1
US20240208940,US20240208940A1
US20240208944,US20240208944A1
US20240208945,US20240208945A1
US20240208953,US20240208953A1
US20240208956,US20240208956A1
US20240208964,US20240208964A1
US20240208970,US20240208970A1
US20240208981,US20240208981A1
US20240208984,US20240208984A1
US20240208986,US20240208986A1
US20240208998,US20240208998A1
US20240209001,US20240209001A1
US20240209019,US20240209019A1
US12023331,US20210093634A1
US12024494,US20210317096A1
US20240216357,US20240216357A1
US20240216362,US20240216362A1
US20240217922,US20240217922A1
US20240217973,US20240217973A1
US20240217978,US20240217978A1
US20240217982,US20240217982A1
US20240217988,US20240217988A1
US20240218021,US20240218021A1
US12030867,US20210269418A1
US12030872,US20210395236A1
US12030880,US20210300923A1
US12030892,US20210277018A1
US12030897,US20210323979A1
US12006283,US20210188753A1
US12006289,US20220169602A1
US12006303,US20250034111A1
US20240226094,US20240226094A1
US20240226096,US20240226096A1
US20240226107,US20240226107A1
US20240226130,US20240226130A1
US20240228460,US20240228460A1
US20240228486,US20240228486A1
US20240228490,US20240228490A1
US20240228491,US20240228491A1
US20240228512,US20240228512A1
US12037329,US20230150990A1
US12037345,US20220363693A1
US20240239761,US20240239761A1
US20240239763,US20240239763A1
US20240239772,US20240239772A1
US20240239774,US20240239774A1
US20240239788,US20240239788A1
US20240239794,US20240239794A1
US20240239802,US20240239802A1
US20240239812,US20240239812A1
US20240239813,US20240239813A1
US12043602,US20220177440A1
US12043625,US20230002401A1
US12043645,US20230135822A1
US20240245673,US20240245673A1
US20240245694,US20240245694A1
US20240246911,US20240246911A1
US20240246927,US20240246927A1
US20240246932,US20240246932A1
US20240246935,US20240246935A1
US20240246937,US20240246937A1
US20240246944,US20240246944A1
US20240246951,US20240246951A1
US20240246964,US20240246964A1
US20240246972,US20250250273A1
US20240246981,US20240246981A1
US20240246984,US20240246984A1
US20240247015,US20240247015A1
US20240246941,US20240246941A1
US20240189287,US20240189287A1
US20240189292,US20240189292A1
US20240189315,US20240189315A1
US20240190824,US20240190824A1
US20240190828,US20240190828A1
US20240190847,US20240190847A1
US20240190854,US20240190854A1
US20240190862,US20240190862A1
US20240190865,US20240190865A1
US20240190866,US20240190866A1
US20240190872,US20240190872A1
US20240190875,US20240190875A1
US20240190889,US20240190889A1
US20240190890,US20240190890A1
US20240190892,US20240190892A1
US20240190893,US20240190893A1
US20240190904,US20240190904A1
US12049455,US20230303506A1
US12049474,US20240360163A1
US20240252496,US20250213561A1
US20240254093,US20240254093A1
US20240254109,US20240254109A1
US20240254114,US20240254114A1
US12053470,US20220241277A1
US12053473,US20210177851A1
US12053477,US20230061592A1
US12054469,US20220194917A1
US12054475,US20240132469A1
US12054482,US20210371414A1
US12054488,US20210340146A1
US12054497,US20240158417A1
US12054502,US20210300949A1
US20240261273,US20240261273A1
US20240261292,US20240261292A1
US20240262804,US20240262804A1
US20240262819,US20240262819A1
US20240262823,US20240262823A1
US20240262826,US20240262826A1
US20240262835,US20250206749A1
US12064420,US20250082613A1
US12065399,US20220169599A1
US12065407,US20200399219A1
US12065430,US20210395234A1
US12065436,US20230119665A1
US12065446,US20230097422A1
US12065447,US20230167129A1
US20240277683,US20240277683A1
US20240277852,US20240277852A1
US20240279174,US20240279174A1
US20240279201,US20240279201A1
US20240279215,US20240279215A1
US20240279218,US20240279218A1
US20240279221,US20240279221A1
US20240279226,US20240279226A1
US20240279233,US20240279233A1
US12059472,US20190351066A1
US20240269137,US20240269137A1
US20240270713,US20240270713A1
US20240270732,US20240270732A1
US20240270735,US20240270735A1
US20240270744,US20240270744A1
US20240270751,US20240270751A1
US20240270753,US20240270753A1
US20240270758,US20240270758A1
US12070457,US20240398791A1
US12070513,US20220088229A1
US12071408,US20240383858A1
US12071420,US20210115011A1
US12071425,US20230057166A1
US12071435,US20210340141A1
US20240286998,US20240286998A1
US20240287022,US20240287022A1
US20240287025,US20240287025A1
US20240287037,US20240287037A1
US20240287046,US20240287046A1
US20240287062,US20240287062A1
US20240287079,US20240287079A1
US20240287082,US20240287082A1
US20240287089,US20240287089A1
US20240287094,US20240287094A1
US12076320,US20210283132A1
US12076401,US20210093717A1
US12077506,US20210380536A1
US12077513,US20220024880A1
US12077531,US20240425504A1
US12077548,US20220064187A1
US12077605,US20230234984A1
US20240293380,US20240293380A1
US20240293400,US20240293400A1
US20240293412,US20240293412A1
US20240293557,US20240293557A1
US20240293587,US20240293587A1
US20240294467,US20240294467A1
US20240294509,US20240294509A1
US20240294523,US20240294523A1
US20240294526,US20240294526A1
US20240294531,US20240294531A1
US20240294535,US20240294535A1
US20240294543,US20240294543A1
US20240294545,US20240294545A1
US20240294550,US20240294550A1
US20240294551,US20250236631A1
US12083101,US20210299100A1
US12083115,US20210251982A1
US12083118,US20240374595A1
US12083137,US20210393654A1
US12084416,US20220169605A1
US12084420,US20230147507A1
US12084426,US20210309633A1
US12084442,US20250214989A1
US20240299367,US20240299367A1
US20240299360,US20240299360A1
US20240300886,US20240300886A1
US20240300923,US20240300923A1
US20240300927,US20240300927A1
US20240300936,US20240300936A1
US20240300937,US20240300937A1
US20240300941,US20240300941A1
US20240300954,US20240300954A1
US20240300958,US20240300958A1
US20240300968,US20240300968A1
US20240300975,US20240300975A1
US12091399,US20210387963A1
US12091424,US20250223297A1
US20240307353,US20240307353A1
US20240307362,US20240307362A1
US20240307363,US20240307363A1
US20240307386,US20240307386A1
US20240307415,US20240307415A1
US20240307419,US20240307419A1
US20240308973,US20240308973A1
US20240308980,US20240308980A1
US20240308985,US20250214974A1
US20240308995,US20240308995A1
US20240309004,US20240309004A1
US20240309005,US20240309005A1
US20240309018,US20240309018A1
US12098216,US20230029187A1
US20240316020,US20240316020A1
US20240316047,US20240316047A1
US20240317663,US20240317663A1
US20240317683,US20240351983A1
US20240317691,US20240317691A1
US20240317696,US20240317696A1
US20240317714,US20250236610A1
US20240317721,US20240317721A1
US20240317732,US20240317732A1
US20240317740,US20240317740A1
US20240317745,US20240317745A1
US20240317755,US20240317755A1
US20240317756,US20240317756A1
US20240317759,US20240317759A1
US20240327355,US20240327355A1
US20240327372,US20240327372A1
US20240327385,US20240327385A1
US20240327387,US20240327387A1
US20240327389,US20240327389A1
US20240327407,US20240327407A1
US20240327418,US20240327418A1
US20240327425,US20240327425A1
US20240327430,US20240327430A1
US20240327433,US20240327433A1
US20240327434,US20240327434A1
US20240327458,US20240327458A1
US12110276,US20250074881A1
US12110278,US20220112166A1
US12110286,US20240417388A1
US12110299,US20210284658A1
US20240335420,US20240335420A1
US20240335427,US20240335427A1
US20240335431,US20240335431A1
US20240335442,US20240335442A1
US20240336562,US20240336562A1
US20240336571,US20240336571A1
US20240336588,US20240336588A1
US20240336591,US20240336591A1
US20240336593,US20240336593A1
US20240336610,US20240336610A1
US20240336629,US20240336629A1
US20240336642,US20240336642A1
US12115157,US20230131465A1
US12116355,US20250250244A1
US12116356,US20230183208A1
US20240342139,US20240342139A1
US20240342176,US20240342176A1
US20240342179,US20240342179A1
US20240342186,US20240342186A1
US20240343694,US20240343694A1
US20240343720,US20240343720A1
US20240343726,US20240343726A1
US20240343729,US20240343729A1
US20240343747,US20240343747A1
US12122742,US20220112160A1
US12122750,US20250074875A1
US12122771,US20220274978A1
US12122780,US20230056559A1
US12122799,US20210261580A1
US12123010,US20250122523A1
US20240366813,US20240366813A1
US12145945,US20240327430A1
US20240398811,US20240398811A1
US12162836,US20230022917A1
US12172993,US20250084076A1
US12187742,US20220315606A1
US12194027,US20220202785A1
US12195427,US20250129020A1
US20250017936,US20250017936A1
US20250017938,US20250017938A1
US20250019369,US20250019369A1
US20250019371,US20250019371A1
US20250019385,US20250019385A1
US20250019386,US20250019386A1
US12202790,US20210171456A1
US12202823,US20220213084A1
US12202835,US20220002308A1
US12202839,US20210395266A1
US20250025443,US20250025443A1
US20250025459,US20250025459A1
US20250026723,US20250026723A1
US20250026742,US20250026742A1
US20250026745,US20250026745A1
US20250026748,US20250026748A1
US20250026750,US20250026750A1
US20250026762,US20250026762A1
US20250026765,US20250026765A1
US20250026766,US20250026766A1
US20250026773,US20250026773A1
US12208088,US20220370420A1
US12209074,US20220388977A1
US12209075,US20210214336A1
US12209085,US20220135557A1
US20250032476,US20250032476A1
US20250032489,US20250032489A1
US20250032527,US20250032527A1
US20250032625,US20250032625A1
US20250034106,US20250034106A1
US20250034108,US20250034108A1
US20250034112,US20250034112A1
US20250034116,US20250034116A1
US20250034117,US20250034117A1
US20250034122,US20250034122A1
US20250034134,US20250034134A1
US20250034135,US20250034135A1
US20250034136,US20250171441A1
US20250034153,US20250034153A1
US20250034159,US20250034159A1
US20250034165,US20250034165A1
US20250034168,US20250034168A1
US20250034169,US20250034169A1
US20250034173,US20250034173A1
US12215095,US20220002269A1
US12215173,US20210040150A1
US20250041279,US20250041279A1
US20250042847,US20250042847A1
US20250042850,US20250042850A1
US20250042853,US20250042853A1
US20250042857,US20250042857A1
US20250042862,US20250042862A1
US20250042884,US20250042884A1
US20250042889,US20250042889A1
US20250042890,US20250042890A1
US20250042891,US20250042891A1
US20250042896,US20250042896A1
US20250042898,US20250042898A1
US20250042903,US20250042903A1
US20250042904,US20250042904A1
US20250042914,US20250042914A1
US20250042919,US20250042919A1
US12220415,US20250186447A1
US12220419,US20210315904A1
US12221426,US20210253544A1
US12221439,US20210332041A1
US12221449,US20220064172A1
US12221453,US20230110996A1
US20250049736,US20250049736A1
US20250049765,US20250049765A1
US20250049777,US20250049777A1
US20250049780,US20250049780A1
US20250049809,US20250049809A1
US20250049817,US20250049817A1
US20250049967,US20250049967A1
US20250051275,US20250051275A1
US20250051277,US20250051277A1
US20250051307,US20250051307A1
US20250051309,US20250051309A1
US20250051313,US20250051313A1
US20250051319,US20250145604A1
US20250051321,US20250051321A1
US20250051323,US20250051323A1
US20250051324,US20250051324A1
US20250051327,US20250051327A1
US20250051330,US20250051330A1
US20250051335,US20250051335A1
US20250051337,US20250051337A1
US20250051345,US20250051345A1
US20250051362,US20250051362A1
US20250051363,US20250051363A1
US20250051367,US20250051367A1
US20250051375,US20250051375A1
US12226405,US20220401422A1
US12226414,US20220047595A1
US12226418,US20190365764A1
US12227501,US20230046077A1
US12227502,US20250145621A1
US12227509,US20220135577A1
US12227515,US20220017534A1
US12227517,US20220315603A1
US20250059154,US20250059154A1
US20250059156,US20250059156A1
US20250059159,US20250059159A1
US20250059172,US20250059172A1
US20250059174,US20250059174A1
US20250059185,US20250059185A1
US20250059186,US20250059186A1
US20250059188,US20250059188A1
US20250059194,US20250059194A1
US20250059196,US20250059196A1
US20250059204,US20250059204A1
US20250059213,US20250059213A1
US20250059214,US20250059214A1
US20250059218,US20250059218A1
US20250059220,US20250059220A1
US20250057848,US20250057848A1
US12234202,US20230102656A1
US12234222,US20220177450A1
US12234230,US20230150991A1
US20250064761,US20250064761A1
US20250064789,US20250064789A1
US20250064791,US20250064791A1
US20250066290,US20250066290A1
US20250066337,US20250066337A1
US20250066338,US20250066338A1
US20250066345,US20250066345A1
US20250066350,US20250066350A1
US20250066353,US20250066353A1
US20250066363,US20250066363A1
US20250066368,US20250066368A1
US20250066370,US20250066370A1
US20250066372,US20250066372A1
US20250066377,US20250066377A1
US20250066383,US20250066383A1
US20250066388,US20250066388A1
US20250066318,US20250066318A1
US20250066349,US20250066349A1
US12240811,US20220185774A1
US12240821,US20220048866A1
US12240825,US20220098165A1
US12240835,US20240101536A1
US12240838,US20220259194A1
US12240839,US20220306604A1
US20250073340,US20250073340A1
US20250073358,US20250073358A1
US20250074891,US20250074891A1
US20250074895,US20250074895A1
US20250074907,US20250074907A1
US20250074910,US20250074910A1
US20250074911,US20250074911A1
US20250074919,US20250074919A1
US20250074920,US20250074920A1
US12247004,US20230114875A1
US12247013,US20220112169A1
US12247015,US20250289792A1
US12247029,US20220332717A1
US12247031,US20220017525A1
US20250082630,US20250082630A1
US20250082761,US20250082761A1
US20250084039,US20250084039A1
US20250084060,US20250084060A1
US20250084067,US20250270194A1
US20250084074,US20250084074A1
US20250084084,US20250084084A1
US20250084095,US20250084095A1
US20250084096,US20250084096A1
US12251379,US20210161881A1
US12252491,US20220073526A1
US12252493,US20250179082A1
US10544151,US20190023710A1
US10954244,US20200157106A1
US11555029,US20210053946A1
US20250091994,US20250091994A1
US20250091995,US20250091995A1
US20250092022,US20250092022A1
US20250092029,US20250092029A1
US20250092039,US20250092039A1
US20250092052,US20250092052A1
US20250092056,US20250092056A1
US20250092064,US20250092064A1
US20250092066,US20250092066A1
US20250092081,US20250092081A1
US20250092084,US20250092084A1
US12258317,US20220315536A1
US12258342,US20210323957A1
US12257253,US20220133726A1
US20250099433,US20250099433A1
US20250099442,US20250099442A1
US20250099455,US20250099455A1
US20250099493,US20250099493A1
US20250099494,US20250099494A1
US20250100993,US20250100993A1
US20250100994,US20250100994A1
US20250101011,US20250101011A1
US20250101013,US20250101013A1
US20250101019,US20250101019A1
US20250101023,US20250101023A1
US20250101034,US20250101034A1
US20250101040,US20250101040A1
US20250101052,US20250101052A1
US12263156,US20220117937A1
US12263163,US20230158023A1
US12263171,US20230054411A1
US12264155,US20250179070A1
US20250108123,US20250108123A1
US20250108139,US20250108139A1
US20250109120,US20250109120A1
US20250109139,US20250109139A1
US20250120927,US20250120927A1
US20250122166,US20250122166A1
US20250122174,US20250122174A1
US20250122182,US20250122182A1
US20250122183,US20250122183A1
US20250122202,US20250122202A1
US20250122221,US20250122221A1
US20250122223,US20250122223A1
US12281080,US20210276956A1
US12281099,US20220144810A1
US12281118,US20220127271A1
US12281126,US20220089611A1
US12268667,US20250195476A1
US12268687,US20230116101A1
US12268694,US20220323460A1
US12269804,US20200361877A1
US12269819,US20220144818A1
US20250114338,US20250114338A1
US20250114359,US20250114359A1
US20250114361,US20250114361A1
US20250115561,US20250115561A1
US20250115563,US20250115563A1
US20250115569,US20250115569A1
US20250115572,US20250115572A1
US20250115576,US20250115576A1
US20250115577,US20250115577A1
US20250115578,US20250115578A1
US20250115583,US20250115583A1
US20250115590,US20250115590A1
US20250115591,US20250115591A1
US20250115594,US20250115594A1
US20250115598,US20250115598A1
US20250115600,US20250115600A1
US20250115607,US20250115607A1
US20250115609,US20250115609A1
US20250127780,US20250127780A1
US20250127788,US20250127788A1
US20250127800,US20250127800A1
US20250127903,US20250127903A1
US20250127913,US20250127913A1
US20250127937,US20250127937A1
US20250129027,US20250129027A1
US20250129032,US20250129032A1
US20250129041,US20250129041A1
US20250129048,US20250129048A1
US20250129049,US20250129049A1
US20250129055,US20250129055A1
US20250129067,US20250129067A1
US20250129068,US20250129068A1
US20250129069,US20250129069A1
US20250129073,US20250129073A1
US20250129078,US20250129078A1
US20250129088,US20250129088A1
US20250129103,US20250129103A1
US20250129104,US20250129104A1
US11634409,US20220289721A1
US20240254124,US20250115605A1
WO2025125695,
US12286435,US20210380592A1
